within,cross,coupling,t_half,design,c_star,min_eig_M,binding_path
ar1,const,graded,0,CO,0.590862859025099,0.330690852433402,2
ar1,const,graded,0,Hybrid,0.452122560948848,0.0928222349896623,2
ar1,const,graded,0,OL+BDC,0.437861127358478,0.0928894921959846,1
ar1,const,graded,0.5,CO,0.590862859025099,0.330690852433402,2
ar1,const,graded,0.5,Hybrid,0.489899535120494,0.0928222349896623,2
ar1,const,graded,0.5,OL+BDC,0.471779834439331,0.0928894921959846,1
ar1,const,graded,1,CO,0.590862859025099,0.330690852433402,2
ar1,const,graded,1,Hybrid,0.513601597036835,0.0928222349896623,2
ar1,const,graded,1,OL+BDC,0.491263831399397,0.0928894921959846,1
ar1,const,step,0,CO,0.590862859025099,0.330690852433402,2
ar1,const,step,0,Hybrid,0.452122560948848,0.0928222349896623,2
ar1,const,step,0,OL+BDC,0.437861127358478,0.0928894921959846,1
ar1,const,step,0.5,CO,0.429552104403467,0.330690852433402,1
ar1,const,step,0.5,Hybrid,0.462091573733252,0.0928222349896623,1
ar1,const,step,0.5,OL+BDC,0.462660154915278,0.0928894921959846,1
ar1,const,step,1,CO,0.429552104403467,0.330690852433402,1
ar1,const,step,1,Hybrid,0.462091573733252,0.0928222349896623,1
ar1,const,step,1,OL+BDC,0.462660154915278,0.0928894921959846,1
ar1,decay,graded,0,CO,0.618912456410063,0.287621767190062,1
ar1,decay,graded,0,Hybrid,0.45620177597026,0.0735810431167088,1
ar1,decay,graded,0,OL+BDC,0.45217774368684,0.0737048944288212,1
ar1,decay,graded,0.5,CO,0.618912456410063,0.287621767190062,2
ar1,decay,graded,0.5,Hybrid,0.505882968307124,0.0735810431167088,1
ar1,decay,graded,0.5,OL+BDC,0.499593554114778,0.0737048944288212,1
ar1,decay,graded,1,CO,0.618912456410063,0.287621767190062,2
ar1,decay,graded,1,Hybrid,0.544144413730957,0.0735810431167088,2
ar1,decay,graded,1,OL+BDC,0.533201622928681,0.0737048944288212,1
ar1,decay,step,0,CO,0.618912456410063,0.287621767190062,1
ar1,decay,step,0,Hybrid,0.45620177597026,0.0735810431167088,1
ar1,decay,step,0,OL+BDC,0.45217774368684,0.0737048944288212,1
ar1,decay,step,0.5,CO,0.494041175925767,0.287621767190062,1
ar1,decay,step,0.5,Hybrid,0.519006909298068,0.0735810431167088,1
ar1,decay,step,0.5,OL+BDC,0.519194421644515,0.0737048944288212,1
ar1,decay,step,1,CO,0.494041175925767,0.287621767190062,1
ar1,decay,step,1,Hybrid,0.519006909298068,0.0735810431167088,1
ar1,decay,step,1,OL+BDC,0.519194421644515,0.0737048944288212,1
cs,const,graded,0,CO,0.345997009160858,0.2,1
cs,const,graded,0,Hybrid,0.345997009160858,0.2,3
cs,const,graded,0,OL+BDC,0.352411050319221,0.2,2
cs,const,graded,0.5,CO,0.345997009160858,0.2,2
cs,const,graded,0.5,Hybrid,0.369772461363384,0.2,4
cs,const,graded,0.5,OL+BDC,0.386365081346476,0.2,2
cs,const,graded,1,CO,0.345997009160858,0.2,2
cs,const,graded,1,Hybrid,0.411060178239742,0.2,4
cs,const,graded,1,OL+BDC,0.455642540116545,0.2,2
cs,const,step,0,CO,0.345997009160858,0.2,1
cs,const,step,0,Hybrid,0.345997009160858,0.2,3
cs,const,step,0,OL+BDC,0.352411050319221,0.2,2
cs,const,step,0.5,CO,0.345997009160858,0.2,2
cs,const,step,0.5,Hybrid,0.841261307939034,0.2,1
cs,const,step,0.5,OL+BDC,0.841261307939034,0.2,1
cs,const,step,1,CO,0.345997009160858,0.2,2
cs,const,step,1,Hybrid,0.841261307939034,0.2,1
cs,const,step,1,OL+BDC,0.841261307939034,0.2,1
cs,decay,graded,0,CO,0.164458592378192,0.034133451371741,1
cs,decay,graded,0,Hybrid,0.24736742094981,0.0389414322132782,4
cs,decay,graded,0,OL+BDC,0.151215999071257,0.0147268665476143,2
cs,decay,graded,0.5,CO,0.164458592378192,0.034133451371741,2
cs,decay,graded,0.5,Hybrid,0.265296546145394,0.0389414322132782,4
cs,decay,graded,0.5,OL+BDC,0.170125142547683,0.0147268665476143,2
cs,decay,graded,1,CO,0.164458592378192,0.034133451371741,2
cs,decay,graded,1,Hybrid,0.299227113582531,0.0389414322132782,4
cs,decay,graded,1,OL+BDC,0.213842423278192,0.0147268665476143,2
cs,decay,step,0,CO,0.164458592378192,0.034133451371741,1
cs,decay,step,0,Hybrid,0.24736742094981,0.0389414322132782,4
cs,decay,step,0,OL+BDC,0.151215999071257,0.0147268665476143,2
cs,decay,step,0.5,CO,0.164458592378192,0.034133451371741,2
cs,decay,step,0.5,Hybrid,0.845260376999126,0.0389414322132782,1
cs,decay,step,0.5,OL+BDC,0.832410754065552,0.0147268665476143,1
cs,decay,step,1,CO,0.164458592378192,0.034133451371741,2
cs,decay,step,1,Hybrid,0.845260376999126,0.0389414322132782,1
cs,decay,step,1,OL+BDC,0.832410754065552,0.0147268665476143,1
