n,frac,k,cs
8,0.125,1,0.532844540025333
8,0.25,2,0.405276629917985
8,0.375,3,0.360405379797215
8,0.5,4,0.345997009160858
8,0.625,5,0.352411050319221
8,0.75,6,0.383629057583794
8,0.875,7,0.467176592151157
16,0.125,2,0.377355813380871
16,0.25,4,0.287593913702707
16,0.375,6,0.256465932971174
16,0.5,8,0.247222042464267
16,0.625,10,0.25346941453396
16,0.75,12,0.279360266272451
16,0.875,14,0.351204172613207
24,0.125,3,0.308272487703132
24,0.25,6,0.235107943012295
24,0.375,9,0.209864561189197
24,0.5,12,0.202591636522817
24,0.625,15,0.208200156261806
24,0.75,18,0.230509865956242
24,0.875,21,0.293405424420073
32,0.125,4,0.267043209905217
32,0.25,8,0.203736220260178
32,0.375,12,0.181951058476041
32,0.5,16,0.175774543021045
32,0.625,20,0.180858854970477
32,0.75,24,0.200710428029104
32,0.875,28,0.25716672037239
48,0.125,6,0.21809868409223
48,0.25,12,0.16645445965041
48,0.375,18,0.148730072687621
48,0.5,24,0.143788333442762
48,0.625,30,0.148129365840034
48,0.75,36,0.16478548549836
48,0.875,42,0.212596890552737
