experiment,label,n,n_on,n_switch,span,ar1,cs,cs_closed
E1 occasions,spacing 1.0 wk,4,2,1,3,0.605098605723749,0.480141991685721,0.480141991685721
E1 occasions,spacing 1.0 wk,8,4,1,7,0.564042261125582,0.345997009160858,0.345997009160858
E1 occasions,spacing 1.0 wk,16,8,1,15,0.508369449653285,0.247222042464267,0.247222042464267
E1 occasions,spacing 1.0 wk,32,16,1,31,0.433677124037847,0.175774543021045,0.175774543021045
E1 occasions,spacing 2.5 wk,4,2,1,7.5,0.758012804834941,0.480141991685721,0.480141991685721
E1 occasions,spacing 2.5 wk,8,4,1,17.5,0.618912456410063,0.345997009160858,0.345997009160858
E1 occasions,spacing 2.5 wk,16,8,1,37.5,0.479701969541219,0.247222042464267,0.247222042464267
E1 occasions,spacing 2.5 wk,32,16,1,77.5,0.357695801080828,0.175774543021045,0.175774543021045
E2 switches,spacing 1.0 wk,16,8,1,15,0.508369449653285,0.247222042464267,0.247222042464267
E2 switches,spacing 1.0 wk,16,8,3,15,0.357836482725,0.247222042464267,0.247222042464267
E2 switches,spacing 1.0 wk,16,8,7,15,0.262459060664415,0.247222042464267,0.247222042464267
E2 switches,spacing 1.0 wk,16,8,15,15,0.148587547014955,0.247222042464267,0.247222042464267
E2 switches,spacing 2.5 wk,16,8,1,37.5,0.479701969541219,0.247222042464267,0.247222042464267
E2 switches,spacing 2.5 wk,16,8,3,37.5,0.427577552018634,0.247222042464267,0.247222042464267
E2 switches,spacing 2.5 wk,16,8,7,37.5,0.360687353595288,0.247222042464267,0.247222042464267
E2 switches,spacing 2.5 wk,16,8,15,37.5,0.277970272656693,0.247222042464267,0.247222042464267
E3 spacing,spacing 0.5 wk,8,4,1,3.5,,0.345997009160858,0.345997009160858
E3 spacing,spacing 1.0 wk,8,4,1,7,0.564042261125582,0.345997009160858,0.345997009160858
E3 spacing,spacing 2.5 wk,8,4,1,17.5,0.618912456410063,0.345997009160858,0.345997009160858
E3 spacing,spacing 5.0 wk,8,4,1,35,0.546142577157621,0.345997009160858,0.345997009160858
E3 spacing,spacing 10.0 wk,8,4,1,70,0.493913951295996,0.345997009160858,0.345997009160858
E4 switch gap,switch gap 0.5 wk,8,4,1,17.5,0.330845320813581,0.345997009160858,0.345997009160858
E4 switch gap,switch gap 1.0 wk,8,4,1,17.5,0.505317341660441,0.345997009160858,0.345997009160858
E4 switch gap,switch gap 2.5 wk,8,4,1,17.5,0.618912456410063,0.345997009160858,0.345997009160858
E4 switch gap,switch gap 5.0 wk,8,4,1,17.5,0.674929564555767,0.345997009160858,0.345997009160858
E4 switch gap,switch gap 8.0 wk,8,4,1,17.5,0.723333074484389,0.345997009160858,0.345997009160858
E5 within-block gaps,equal 2.5/2.5,8,4,1,17.5,0.618912456410063,0.345997009160858,0.345997009160858
E5 within-block gaps,"on short 1, off long 4",8,4,1,17.5,0.735259797810402,0.345997009160858,0.345997009160858
E5 within-block gaps,"on long 4, off short 1",8,4,1,17.5,0.5549055707275,0.345997009160858,0.345997009160858
E6 on fraction,1 of 8 on,8,1,1,17.5,0.866707823648808,0.532844540025332,0.532844540025333
E6 on fraction,2 of 8 on,8,2,1,17.5,0.75801181845914,0.405276629917985,0.405276629917985
E6 on fraction,3 of 8 on,8,3,1,17.5,0.677759605277506,0.360405379797215,0.360405379797215
E6 on fraction,4 of 8 on,8,4,1,17.5,0.618912456410063,0.345997009160858,0.345997009160858
E6 on fraction,5 of 8 on,8,5,1,17.5,0.573126353902281,0.352411050319221,0.352411050319221
E6 on fraction,6 of 8 on,8,6,1,17.5,0.536199495738495,0.383629057583794,0.383629057583794
E6 on fraction,7 of 8 on,8,7,1,17.5,0.505667059127773,0.467176592151157,0.467176592151157
E7 real vs equal,Hybrid path C actual,8,4,3,16,0.464539234156583,0.345997009160858,0.345997009160858
E7 real vs equal,Hybrid path C equalized,8,4,3,16,0.507436119808918,0.345997009160858,0.345997009160858
E7 real vs equal,OL+BDC path A actual,8,6,1,16,0.45217774368684,0.383629057583794,0.383629057583794
E7 real vs equal,OL+BDC path A equalized,8,6,1,16,0.545395265909923,0.383629057583794,0.383629057583794
E7 real vs equal,CO path A actual,8,4,1,17.5,0.618912456410063,0.345997009160858,0.345997009160858
E7 real vs equal,CO path A equalized,8,4,1,17.5,0.618912456410063,0.345997009160858,0.345997009160858
E8 arrangement,11110000 Hybrid weeks,8,4,1,16,0.526448311828848,0.345997009160858,0.345997009160858
E8 arrangement,00001111 Hybrid weeks,8,4,1,16,0.497378051875805,0.345997009160858,0.345997009160858
E8 arrangement,11000011 Hybrid weeks,8,4,2,16,0.446849600077353,0.345997009160858,0.345997009160858
