spacing,n_switch,ar1,cs
1,1,0.508369449653285,0.247222042464267
1,3,0.357836482725,0.247222042464267
1,7,0.262459060664415,0.247222042464267
1,15,0.148587547014955,0.247222042464267
1.5,1,0.524337194317756,0.247222042464267
1.5,3,0.414529339704831,0.247222042464267
1.5,7,0.31677790158763,0.247222042464267
1.5,15,0.212097953401147,0.247222042464267
2,1,0.504309947125179,0.247222042464267
2,3,0.428981074705542,0.247222042464267
2,7,0.345758986390241,0.247222042464267
2,15,0.251255218931814,0.247222042464267
2.5,1,0.479701969541219,0.247222042464267
2.5,3,0.427577552018634,0.247222042464267
2.5,7,0.360687353595288,0.247222042464267
2.5,15,0.277970272656693,0.247222042464267
3.5,1,0.437668969705455,0.247222042464267
3.5,3,0.410863593439381,0.247222042464267
3.5,7,0.369538258771111,0.247222042464267
3.5,15,0.309946509931085,0.247222042464267
5,1,0.396785029107492,0.247222042464267
5,3,0.385173707296882,0.247222042464267
5,7,0.364746286390236,0.247222042464267
5,15,0.330577893141536,0.247222042464267
