construct,design,rep,coding,est,p_model,se_cr2,p_cr2,n_const
CS,Hybrid,1,Db,-0.180637035379832,0.00291815903009144,0.0423807532703622,0.000269377398275791,0
CS,Hybrid,1,Dbc_corrected,-0.253478309292401,0.000768721374134356,0.0619891052968139,0.000422629497884796,0
CS,Hybrid,1,Dbc_02,-0.253478309292401,0.000768721374134356,0.0619891052968139,0.000422629497884796,0
CS,Hybrid,2,Db,0.0714724786407198,0.223960056854945,0.0414266935964768,0.100251055151012,0
CS,Hybrid,2,Dbc_corrected,0.0248392405627492,0.733252638004348,0.0559231738435541,0.661870653374466,0
CS,Hybrid,2,Dbc_02,0.0248392405627492,0.733252638004348,0.0559231738435541,0.661870653374466,0
CS,CO,1,Db,-0.146490732148525,0.00463771073098331,0.0422848363561574,0.00250218011229295,0
CS,CO,1,Dbc_corrected,-0.153648551957505,0.00430964431363488,0.0435950517392998,0.00209902233515683,0
CS,CO,1,Dbc_02,-0.13495541381234,0.0619011334954657,0.0569765406186384,0.0468646640634048,35
CS,CO,2,Db,-0.159418603281818,0.00195707334886567,0.0479301931542419,0.00279026603380587,0
CS,CO,2,Dbc_corrected,-0.169751827433864,0.00123447923264374,0.0488088641493937,0.00196888141936158,0
CS,CO,2,Dbc_02,-0.125771336166334,0.106113209823411,0.0736588985999975,0.109108327567001,35
C07,Hybrid,1,Db,-0.216214687678515,0.00168763758270016,0.0535608085920104,0.000498224405478667,0
C07,Hybrid,1,Dbc_corrected,-0.313745617159553,0.000956436020410157,0.0851390507099451,0.00120546278639955,0
C07,Hybrid,1,Dbc_02,-0.313745617159553,0.000956436020410157,0.0851390507099451,0.00120546278639955,0
C07,Hybrid,2,Db,-0.194103546678441,0.0194263831379279,0.0663258541416832,0.00780687595998874,0
C07,Hybrid,2,Dbc_corrected,-0.283269597867046,0.0167628128178425,0.0985693670260382,0.00881177131227143,0
C07,Hybrid,2,Dbc_02,-0.283269597867046,0.0167628128178425,0.0985693670260382,0.00881177131227143,0
C07,CO,1,Db,-0.259188834251248,0.0394005210452116,0.125939490393384,0.0483444842785495,0
C07,CO,1,Dbc_corrected,-0.253975971391822,0.052127070568331,0.131772847403334,0.063533875783278,0
C07,CO,1,Dbc_02,-0.371335910398838,0.0490332638956017,0.218989555108399,0.109941095169051,35
C07,CO,2,Db,-0.157081250161754,0.166126525646663,0.118060213210846,0.197454042306162,0
C07,CO,2,Dbc_corrected,-0.177179381708166,0.134231538078048,0.123246650122335,0.165645776459127,0
C07,CO,2,Dbc_02,-0.210325537359855,0.228670660735842,0.199318236530021,0.314706720530591,35
