trialdesign,N,c.bm,carryover_t1half,censorparamset,power_new,n_new,power_pub,n_pub,design,mcse,z
1,35,0,0,0,0,2,0.08,1000,OL,0.192024998372608,-0.416612423788527
1,35,0,0,1,0,2,0.08,1000,OL,0.192024998372608,-0.416612423788527
1,35,0,0,2,0,2,0.04,1000,OL,0.138702559457279,-0.288386891752493
1,35,0,0,3,0,2,0.09,1000,OL,0.202563323432452,-0.444305506421117
1,35,0,0,4,0,2,0.12,1000,OL,0.230012173590878,-0.521711516945377
1,35,0,0.1,0,0,2,0.05,1000,OL,0.154264383446083,-0.324118885273837
1,35,0,0.1,1,0,2,0.05,1000,OL,0.154264383446083,-0.324118885273837
1,35,0,0.1,2,0,2,0.02,1000,OL,0.0990938948674438,-0.201828780943101
1,35,0,0.1,3,0,2,0.03,1000,OL,0.120743943947512,-0.248459666126535
1,35,0,0.1,4,0.5,2,0.08,1000,OL,0.192024998372608,2.18721522488977
1,35,0,0.2,0,0,2,0.06,1000,OL,0.168096400913285,-0.356938040755267
1,35,0,0.2,1,0,2,0.05,1000,OL,0.154264383446083,-0.324118885273837
1,35,0,0.2,2,0,2,0.06,1000,OL,0.168096400913285,-0.356938040755267
1,35,0,0.2,3,0.5,2,0.07,1000,OL,0.180596511594217,2.38099837147558
1,35,0,0.2,4,0,2,0.14,1000,OL,0.245602117254718,-0.5700276592274
1,35,0.3,0,0,0,2,0.05,1000,OL,0.154264383446083,-0.324118885273837
1,35,0.3,0,1,0,2,0.06,1000,OL,0.168096400913285,-0.356938040755267
1,35,0.3,0,2,0,2,0.07,1000,OL,0.180596511594217,-0.387604386054164
1,35,0.3,0,3,0,2,0.09,1000,OL,0.202563323432452,-0.444305506421117
1,35,0.3,0,4,0,2,0.1,1000,OL,0.212344060430237,-0.470933822200569
1,35,0.3,0.1,0,0,2,0.09,1000,OL,0.202563323432452,-0.444305506421117
1,35,0.3,0.1,1,0,2,0.09,1000,OL,0.202563323432452,-0.444305506421117
1,35,0.3,0.1,2,0,2,0.11,1000,OL,0.221467604854525,-0.496686637633777
1,35,0.3,0.1,3,0,2,0.11,1000,OL,0.221467604854525,-0.496686637633777
1,35,0.3,0.1,4,0,2,0.1,1000,OL,0.212344060430237,-0.470933822200569
1,35,0.3,0.2,0,0,2,0.15,1000,OL,0.252739984964786,-0.59349532691038
1,35,0.3,0.2,1,0,2,0.17,1000,OL,0.265877979531965,-0.639391048101303
1,35,0.3,0.2,2,0,2,0.13,1000,OL,0.238040122668428,-0.546126419961061
1,35,0.3,0.2,3,0,2,0.16,1000,OL,0.25948872807889,-0.616597110728281
1,35,0.3,0.2,4,0,2,0.13,1000,OL,0.238040122668428,-0.546126419961061
1,35,0.6,0,0,1,2,0.25,1000,OL,0.306492251125538,2.44704392116198
1,35,0.6,0,1,1,2,0.24,1000,OL,0.30229521994236,2.51409863558184
1,35,0.6,0,2,0.5,2,0.27,1000,OL,0.314240512983288,0.731923448750963
1,35,0.6,0,3,1,2,0.27,1000,OL,0.314240512983288,2.32306138081827
1,35,0.6,0,4,0,2,0.19,1000,OL,0.277675890202949,-0.684250980022544
1,35,0.6,0.1,0,0,2,0.22,1000,OL,0.293209140375944,-0.750317673309647
1,35,0.6,0.1,1,0,2,0.2,1000,OL,0.283125413906982,-0.706400733300854
1,35,0.6,0.1,2,0,2,0.21,1000,OL,0.288298283033389,-0.72841224647765
1,35,0.6,0.1,3,0,2,0.21,1000,OL,0.288298283033389,-0.72841224647765
1,35,0.6,0.1,4,0,2,0.18,1000,OL,0.271933080003151,-0.661927559522786
1,35,0.6,0.2,0,0.5,2,0.24,1000,OL,0.30229521994236,0.860086375330629
1,35,0.6,0.2,1,0.5,2,0.22,1000,OL,0.293209140375944,0.95494976603046
1,35,0.6,0.2,2,0.5,2,0.2,1000,OL,0.283125413906982,1.05960109995128
1,35,0.6,0.2,3,0.5,2,0.19,1000,OL,0.277675890202949,1.11640949372099
1,35,0.6,0.2,4,0.5,2,0.21,1000,OL,0.288298283033389,1.00590262608818
1,70,0,0,0,0,2,0.09,1000,OL,0.202563323432452,-0.444305506421117
1,70,0,0,1,0.5,2,0.11,1000,OL,0.221467604854525,1.76097989706521
1,70,0,0,2,0,2,0.09,1000,OL,0.202563323432452,-0.444305506421117
1,70,0,0,3,0.5,2,0.08,1000,OL,0.192024998372608,2.18721522488977
1,70,0,0,4,0,2,0.08,1000,OL,0.192024998372608,-0.416612423788527
1,70,0,0.1,0,0.5,2,0.05,1000,OL,0.154264383446083,2.91706996746453
1,70,0,0.1,1,0.5,2,0.07,1000,OL,0.180596511594217,2.38099837147558
1,70,0,0.1,2,0,2,0.06,1000,OL,0.168096400913285,-0.356938040755267
1,70,0,0.1,3,0.5,2,0.07,1000,OL,0.180596511594217,2.38099837147558
1,70,0,0.1,4,0,2,0.05,1000,OL,0.154264383446083,-0.324118885273837
1,70,0,0.2,0,0,2,0.07,1000,OL,0.180596511594217,-0.387604386054164
1,70,0,0.2,1,0,2,0.05,1000,OL,0.154264383446083,-0.324118885273837
1,70,0,0.2,2,0,2,0.08,1000,OL,0.192024998372608,-0.416612423788527
1,70,0,0.2,3,0,2,0.13,1000,OL,0.238040122668428,-0.546126419961061
1,70,0,0.2,4,0,2,0.07,1000,OL,0.180596511594217,-0.387604386054164
1,70,0.3,0,0,0,2,0.13,1000,OL,0.238040122668428,-0.546126419961061
1,70,0.3,0,1,0,2,0.1,1000,OL,0.212344060430237,-0.470933822200569
1,70,0.3,0,2,0,2,0.13,1000,OL,0.238040122668428,-0.546126419961061
1,70,0.3,0,3,0,2,0.17,1000,OL,0.265877979531965,-0.639391048101303
1,70,0.3,0,4,0,2,0.2,1000,OL,0.283125413906982,-0.706400733300854
1,70,0.3,0.1,0,0,2,0.19,1000,OL,0.277675890202949,-0.684250980022544
1,70,0.3,0.1,1,0,2,0.15,1000,OL,0.252739984964786,-0.59349532691038
1,70,0.3,0.1,2,0,2,0.19,1000,OL,0.277675890202949,-0.684250980022544
1,70,0.3,0.1,3,0,2,0.18,1000,OL,0.271933080003151,-0.661927559522786
1,70,0.3,0.1,4,0,2,0.14,1000,OL,0.245602117254718,-0.5700276592274
1,70,0.3,0.2,0,0,2,0.22,1000,OL,0.293209140375944,-0.750317673309647
1,70,0.3,0.2,1,0,2,0.15,1000,OL,0.252739984964786,-0.59349532691038
1,70,0.3,0.2,2,0,2,0.17,1000,OL,0.265877979531965,-0.639391048101303
1,70,0.3,0.2,3,0,2,0.25,1000,OL,0.306492251125538,-0.815681307053994
1,70,0.3,0.2,4,0,2,0.21,1000,OL,0.288298283033389,-0.72841224647765
1,70,0.6,0,0,0,2,0.43,1000,OL,0.350421317844677,-1.22709429507538
1,70,0.6,0,1,0,2,0.46,1000,OL,0.352772447903744,-1.30395670844882
1,70,0.6,0,2,0,2,0.42,1000,OL,0.349347391574633,-1.20224169445465
1,70,0.6,0,3,0,2,0.35,1000,OL,0.337605539054086,-1.03671284831594
1,70,0.6,0,4,0,2,0.41,1000,OL,0.348126270195169,-1.17773358434037
1,70,0.6,0.1,0,0.5,2,0.44,1000,OL,0.351349398747173,0.170770179809459
1,70,0.6,0.1,1,0.5,2,0.49,1000,OL,0.3538359789507,0.0282616822338277
1,70,0.6,0.1,2,0.5,2,0.38,1000,OL,0.343563094642018,0.349280821693134
1,70,0.6,0.1,3,0.5,2,0.43,1000,OL,0.350421317844677,0.19975953640762
1,70,0.6,0.1,4,0.5,2,0.34,1000,OL,0.335297479859303,0.477188197379649
1,70,0.6,0.2,0,0.5,2,0.52,1000,OL,0.353623528628964,-0.0565573226350128
1,70,0.6,0.2,1,0.5,2,0.46,1000,OL,0.352772447903744,0.113387539865115
1,70,0.6,0.2,2,0,2,0.42,1000,OL,0.349347391574633,-1.20224169445465
1,70,0.6,0.2,3,0.5,2,0.53,1000,OL,0.353269160839154,-0.0849210837672277
1,70,0.6,0.2,4,1,2,0.33,1000,OL,0.332822925893034,2.01308247682232
2,35,0,0,0,0,2,0.06,1000,OL+BDC,0.168096400913285,-0.356938040755267
2,35,0,0,1,0,2,0.1,1000,OL+BDC,0.212344060430237,-0.470933822200569
2,35,0,0,2,0,2,0.05,1000,OL+BDC,0.154264383446083,-0.324118885273837
2,35,0,0,3,0,2,0.08,1000,OL+BDC,0.192024998372608,-0.416612423788527
2,35,0,0,4,0,2,0.07,1000,OL+BDC,0.180596511594217,-0.387604386054164
2,35,0,0.1,0,0,2,0.08,1000,OL+BDC,0.192024998372608,-0.416612423788527
2,35,0,0.1,1,0,2,0.08,1000,OL+BDC,0.192024998372608,-0.416612423788527
2,35,0,0.1,2,0,2,0.11,1000,OL+BDC,0.221467604854525,-0.496686637633777
2,35,0,0.1,3,0,2,0.12,1000,OL+BDC,0.230012173590878,-0.521711516945377
2,35,0,0.1,4,0,2,0.13,1000,OL+BDC,0.238040122668428,-0.546126419961061
2,35,0,0.2,0,0,2,0.08,1000,OL+BDC,0.192024998372608,-0.416612423788527
2,35,0,0.2,1,0,2,0.07,1000,OL+BDC,0.180596511594217,-0.387604386054164
2,35,0,0.2,2,0,2,0.06,1000,OL+BDC,0.168096400913285,-0.356938040755267
2,35,0,0.2,3,0,2,0.1,1000,OL+BDC,0.212344060430237,-0.470933822200569
2,35,0,0.2,4,0,2,0.07,1000,OL+BDC,0.180596511594217,-0.387604386054164
2,35,0.3,0,0,0.5,2,0.49,1000,OL+BDC,0.3538359789507,0.0282616822338277
2,35,0.3,0,1,0,2,0.47,1000,OL+BDC,0.353269160839154,-1.33043031235323
2,35,0.3,0,2,0.5,2,0.38,1000,OL+BDC,0.343563094642018,0.349280821693134
2,35,0.3,0,3,0,2,0.41,1000,OL+BDC,0.348126270195169,-1.17773358434037
2,35,0.3,0,4,0.5,2,0.28,1000,OL+BDC,0.317807488898547,0.692242969989389
2,35,0.3,0.1,0,0,2,0.19,1000,OL+BDC,0.277675890202949,-0.684250980022544
2,35,0.3,0.1,1,0,2,0.19,1000,OL+BDC,0.277675890202949,-0.684250980022544
2,35,0.3,0.1,2,0,2,0.19,1000,OL+BDC,0.277675890202949,-0.684250980022544
2,35,0.3,0.1,3,0,2,0.16,1000,OL+BDC,0.25948872807889,-0.616597110728281
2,35,0.3,0.1,4,0,2,0.16,1000,OL+BDC,0.25948872807889,-0.616597110728281
2,35,0.3,0.2,0,0.5,2,0.13,1000,OL+BDC,0.238040122668428,1.5543598106584
2,35,0.3,0.2,1,0,2,0.1,1000,OL+BDC,0.212344060430237,-0.470933822200569
2,35,0.3,0.2,2,0,2,0.13,1000,OL+BDC,0.238040122668428,-0.546126419961061
2,35,0.3,0.2,3,0,2,0.14,1000,OL+BDC,0.245602117254718,-0.5700276592274
2,35,0.3,0.2,4,0.5,2,0.15,1000,OL+BDC,0.252739984964786,1.38482242945755
2,35,0.6,0,0,1,2,0.94,1000,OL+BDC,0.168096400913286,0.356938040755267
2,35,0.6,0,1,1,2,0.8,1000,OL+BDC,0.283125413906982,0.706400733300854
2,35,0.6,0,2,1,2,0.82,1000,OL+BDC,0.271933080003151,0.661927559522786
2,35,0.6,0,3,1,2,0.81,1000,OL+BDC,0.277675890202949,0.684250980022544
2,35,0.6,0,4,0.5,2,0.63,1000,OL+BDC,0.341735423975917,-0.380411250573664
2,35,0.6,0.1,0,0,2,0.26,1000,OL+BDC,0.310471254708065,-0.837436625959068
2,35,0.6,0.1,1,0.5,2,0.21,1000,OL+BDC,0.288298283033389,1.00590262608818
2,35,0.6,0.1,2,0,2,0.21,1000,OL+BDC,0.288298283033389,-0.72841224647765
2,35,0.6,0.1,3,0,2,0.25,1000,OL+BDC,0.306492251125538,-0.815681307053994
2,35,0.6,0.1,4,0,2,0.28,1000,OL+BDC,0.317807488898547,-0.881036507259223
2,35,0.6,0.2,0,0,2,0.27,1000,OL+BDC,0.314240512983288,-0.859214483316348
2,35,0.6,0.2,1,0,2,0.31,1000,OL+BDC,0.32735897727113,-0.946972655474933
2,35,0.6,0.2,2,0.5,2,0.24,1000,OL+BDC,0.30229521994236,0.860086375330629
2,35,0.6,0.2,3,0,2,0.22,1000,OL+BDC,0.293209140375944,-0.750317673309647
2,35,0.6,0.2,4,0,2,0.3,1000,OL+BDC,0.324360910098612,-0.924895666092421
2,70,0,0,0,0,2,0.07,1000,OL+BDC,0.180596511594217,-0.387604386054164
2,70,0,0,1,0,2,0.06,1000,OL+BDC,0.168096400913285,-0.356938040755267
2,70,0,0,2,0,2,0.1,1000,OL+BDC,0.212344060430237,-0.470933822200569
2,70,0,0,3,0,2,0.09,1000,OL+BDC,0.202563323432452,-0.444305506421117
2,70,0,0,4,0,2,0.11,1000,OL+BDC,0.221467604854525,-0.496686637633777
2,70,0,0.1,0,0.5,2,0.08,1000,OL+BDC,0.192024998372608,2.18721522488977
2,70,0,0.1,1,0.5,2,0.07,1000,OL+BDC,0.180596511594217,2.38099837147558
2,70,0,0.1,2,0.5,2,0.09,1000,OL+BDC,0.202563323432452,2.02405841814065
2,70,0,0.1,3,0.5,2,0.08,1000,OL+BDC,0.192024998372608,2.18721522488977
2,70,0,0.1,4,0.5,2,0.11,1000,OL+BDC,0.221467604854525,1.76097989706521
2,70,0,0.2,0,0,2,0.03,1000,OL+BDC,0.120743943947512,-0.248459666126535
2,70,0,0.2,1,0,2,0.08,1000,OL+BDC,0.192024998372608,-0.416612423788527
2,70,0,0.2,2,0,2,0.05,1000,OL+BDC,0.154264383446083,-0.324118885273837
2,70,0,0.2,3,0,2,0.01,1000,OL+BDC,0.0704265574907648,-0.141991889938839
2,70,0,0.2,4,0,2,0.07,1000,OL+BDC,0.180596511594217,-0.387604386054164
2,70,0.3,0,0,0.5,2,0.74,1000,OL+BDC,0.310471254708065,-0.773018423962216
2,70,0.3,0,1,0.5,2,0.59,1000,OL+BDC,0.348126270195169,-0.258526884367398
2,70,0.3,0,2,0.5,2,0.6,1000,OL+BDC,0.346756398643197,-0.288386891752493
2,70,0.3,0,3,0.5,2,0.64,1000,OL+BDC,0.339750496688379,-0.412067094425498
2,70,0.3,0,4,0,2,0.39,1000,OL+BDC,0.345236006233417,-1.12966200789705
2,70,0.3,0.1,0,0,2,0.19,1000,OL+BDC,0.277675890202949,-0.684250980022544
2,70,0.3,0.1,1,0,2,0.21,1000,OL+BDC,0.288298283033389,-0.72841224647765
2,70,0.3,0.1,2,0,2,0.18,1000,OL+BDC,0.271933080003151,-0.661927559522786
2,70,0.3,0.1,3,0,2,0.15,1000,OL+BDC,0.252739984964786,-0.59349532691038
2,70,0.3,0.1,4,0,2,0.17,1000,OL+BDC,0.265877979531965,-0.639391048101303
2,70,0.3,0.2,0,0,2,0.13,1000,OL+BDC,0.238040122668428,-0.546126419961061
2,70,0.3,0.2,1,0,2,0.15,1000,OL+BDC,0.252739984964786,-0.59349532691038
2,70,0.3,0.2,2,0,2,0.14,1000,OL+BDC,0.245602117254718,-0.5700276592274
2,70,0.3,0.2,3,0,2,0.18,1000,OL+BDC,0.271933080003151,-0.661927559522786
2,70,0.3,0.2,4,0,2,0.17,1000,OL+BDC,0.265877979531965,-0.639391048101303
2,70,0.6,0,0,1,2,0.99,1000,OL+BDC,0.0704265574907648,0.141991889938839
2,70,0.6,0,1,1,2,0.96,1000,OL+BDC,0.138702559457279,0.288386891752493
2,70,0.6,0,2,1,2,0.98,1000,OL+BDC,0.0990938948674438,0.201828780943101
2,70,0.6,0,3,1,2,0.97,1000,OL+BDC,0.120743943947512,0.248459666126535
2,70,0.6,0,4,1,2,0.86,1000,OL+BDC,0.245602117254718,0.5700276592274
2,70,0.6,0.1,0,0,2,0.36,1000,OL+BDC,0.339750496688379,-1.05960109995128
2,70,0.6,0.1,1,0,2,0.47,1000,OL+BDC,0.353269160839154,-1.33043031235323
2,70,0.6,0.1,2,0,2,0.47,1000,OL+BDC,0.353269160839154,-1.33043031235323
2,70,0.6,0.1,3,0,2,0.44,1000,OL+BDC,0.351349398747173,-1.25231465193603
2,70,0.6,0.1,4,0,2,0.43,1000,OL+BDC,0.350421317844677,-1.22709429507538
2,70,0.6,0.2,0,0.5,2,0.41,1000,OL+BDC,0.348126270195169,0.258526884367398
2,70,0.6,0.2,1,0.5,2,0.45,1000,OL+BDC,0.352132787453824,0.141991889938839
2,70,0.6,0.2,2,1,2,0.45,1000,OL+BDC,0.352132787453824,1.56191078932723
2,70,0.6,0.2,3,1,2,0.49,1000,OL+BDC,0.3538359789507,1.44134579392521
2,70,0.6,0.2,4,0.5,2,0.5,1000,OL+BDC,0.353906767383728,0
3,35,0,0,0,0,2,0.05,1000,CO,0.154264383446083,-0.324118885273837
3,35,0,0,1,0,2,0.07,1000,CO,0.180596511594217,-0.387604386054164
3,35,0,0,2,0,2,0.06,1000,CO,0.168096400913285,-0.356938040755267
3,35,0,0,3,0,2,0.08,1000,CO,0.192024998372608,-0.416612423788527
3,35,0,0,4,0,2,0.08,1000,CO,0.192024998372608,-0.416612423788527
3,35,0,0.1,0,0,2,0.06,1000,CO,0.168096400913285,-0.356938040755267
3,35,0,0.1,1,0,2,0.05,1000,CO,0.154264383446083,-0.324118885273837
3,35,0,0.1,2,0,2,0.07,1000,CO,0.180596511594217,-0.387604386054164
3,35,0,0.1,3,0,2,0.09,1000,CO,0.202563323432452,-0.444305506421117
3,35,0,0.1,4,0,2,0.06,1000,CO,0.168096400913285,-0.356938040755267
3,35,0,0.2,0,0,2,0.04,1000,CO,0.138702559457279,-0.288386891752493
3,35,0,0.2,1,0,2,0.05,1000,CO,0.154264383446083,-0.324118885273837
3,35,0,0.2,2,0,2,0.05,1000,CO,0.154264383446083,-0.324118885273837
3,35,0,0.2,3,0,2,0.06,1000,CO,0.168096400913285,-0.356938040755267
3,35,0,0.2,4,0,2,0.05,1000,CO,0.154264383446083,-0.324118885273837
3,35,0.3,0,0,0.5,2,0.57,1000,CO,0.350421317844677,-0.19975953640762
3,35,0.3,0,1,0.5,2,0.45,1000,CO,0.352132787453824,0.141991889938839
3,35,0.3,0,2,0.5,2,0.4,1000,CO,0.346756398643197,0.288386891752493
3,35,0.3,0,3,0.5,2,0.48,1000,CO,0.353623528628964,0.0565573226350128
3,35,0.3,0,4,0,2,0.28,1000,CO,0.317807488898547,-0.881036507259223
3,35,0.3,0.1,0,0,2,0.3,1000,CO,0.324360910098612,-0.924895666092421
3,35,0.3,0.1,1,0,2,0.27,1000,CO,0.314240512983288,-0.859214483316348
3,35,0.3,0.1,2,0,2,0.31,1000,CO,0.32735897727113,-0.946972655474933
3,35,0.3,0.1,3,0,2,0.28,1000,CO,0.317807488898547,-0.881036507259223
3,35,0.3,0.1,4,0,2,0.25,1000,CO,0.306492251125538,-0.815681307053994
3,35,0.3,0.2,0,0,2,0.25,1000,CO,0.306492251125538,-0.815681307053994
3,35,0.3,0.2,1,0,2,0.29,1000,CO,0.321178922097948,-0.902923511000389
3,35,0.3,0.2,2,0,2,0.27,1000,CO,0.314240512983288,-0.859214483316348
3,35,0.3,0.2,3,0,2,0.23,1000,CO,0.297870945209498,-0.772146473830257
3,35,0.3,0.2,4,0.5,2,0.17,1000,CO,0.265877979531965,1.241170858079
3,35,0.6,0,0,1,2,0.96,1000,CO,0.138702559457279,0.288386891752493
3,35,0.6,0,1,1,2,0.93,1000,CO,0.180596511594217,0.387604386054164
3,35,0.6,0,2,1,2,0.95,1000,CO,0.154264383446083,0.324118885273837
3,35,0.6,0,3,1,2,0.9,1000,CO,0.212344060430237,0.470933822200569
3,35,0.6,0,4,0.5,2,0.76,1000,CO,0.30229521994236,-0.860086375330629
3,35,0.6,0.1,0,0.5,2,0.71,1000,CO,0.321178922097948,-0.653841163138213
3,35,0.6,0.1,1,0,2,0.58,1000,CO,0.349347391574633,-1.66023853043738
3,35,0.6,0.1,2,0.5,2,0.63,1000,CO,0.341735423975917,-0.380411250573664
3,35,0.6,0.1,3,0.5,2,0.56,1000,CO,0.351349398747173,-0.170770179809459
3,35,0.6,0.1,4,0.5,2,0.36,1000,CO,0.339750496688379,0.412067094425498
3,35,0.6,0.2,0,0.5,2,0.65,1000,CO,0.337605539054086,-0.444305506421117
3,35,0.6,0.2,1,0.5,2,0.53,1000,CO,0.353269160839154,-0.0849210837672277
3,35,0.6,0.2,2,0.5,2,0.56,1000,CO,0.351349398747173,-0.170770179809459
3,35,0.6,0.2,3,1,2,0.54,1000,CO,0.352772447903744,1.30395670844882
3,35,0.6,0.2,4,0,2,0.51,1000,CO,0.3538359789507,-1.44134579392521
3,70,0,0,0,0,2,0.06,1000,CO,0.168096400913285,-0.356938040755267
3,70,0,0,1,0,2,0.07,1000,CO,0.180596511594217,-0.387604386054164
3,70,0,0,2,0,2,0.05,1000,CO,0.154264383446083,-0.324118885273837
3,70,0,0,3,0,2,0.01,1000,CO,0.0704265574907648,-0.141991889938839
3,70,0,0,4,0,2,0.05,1000,CO,0.154264383446083,-0.324118885273837
3,70,0,0.1,0,0,2,0.05,1000,CO,0.154264383446083,-0.324118885273837
3,70,0,0.1,1,0,2,0.06,1000,CO,0.168096400913285,-0.356938040755267
3,70,0,0.1,2,0,2,0.06,1000,CO,0.168096400913285,-0.356938040755267
3,70,0,0.1,3,0,2,0.05,1000,CO,0.154264383446083,-0.324118885273837
3,70,0,0.1,4,0,2,0.07,1000,CO,0.180596511594217,-0.387604386054164
3,70,0,0.2,0,0,2,0.01,1000,CO,0.0704265574907648,-0.141991889938839
3,70,0,0.2,1,0,2,0.01,1000,CO,0.0704265574907648,-0.141991889938839
3,70,0,0.2,2,0,2,0.02,1000,CO,0.0990938948674438,-0.201828780943101
3,70,0,0.2,3,0,2,0.04,1000,CO,0.138702559457279,-0.288386891752493
3,70,0,0.2,4,0.5,2,0.03,1000,CO,0.120743943947512,3.89253476931572
3,70,0.3,0,0,1,2,0.85,1000,CO,0.252739984964786,0.593495326910381
3,70,0.3,0,1,1,2,0.69,1000,CO,0.32735897727113,0.946972655474933
3,70,0.3,0,2,1,2,0.72,1000,CO,0.317807488898547,0.881036507259223
3,70,0.3,0,3,1,2,0.75,1000,CO,0.306492251125538,0.815681307053994
3,70,0.3,0,4,1,2,0.5,1000,CO,0.353906767383728,1.41280146660171
3,70,0.3,0.1,0,0.5,2,0.44,1000,CO,0.351349398747173,0.170770179809459
3,70,0.3,0.1,1,0.5,2,0.36,1000,CO,0.339750496688379,0.412067094425498
3,70,0.3,0.1,2,0,2,0.35,1000,CO,0.337605539054086,-1.03671284831594
3,70,0.3,0.1,3,0.5,2,0.3,1000,CO,0.324360910098612,0.616597110728281
3,70,0.3,0.1,4,0,2,0.29,1000,CO,0.321178922097948,-0.902923511000389
3,70,0.3,0.2,0,0.5,2,0.46,1000,CO,0.352772447903744,0.113387539865115
3,70,0.3,0.2,1,0.5,2,0.39,1000,CO,0.345236006233417,0.318622617611988
3,70,0.3,0.2,2,0.5,2,0.36,1000,CO,0.339750496688379,0.412067094425498
3,70,0.3,0.2,3,0.5,2,0.43,1000,CO,0.350421317844677,0.19975953640762
3,70,0.3,0.2,4,0.5,2,0.34,1000,CO,0.335297479859303,0.477188197379649
3,70,0.6,0,0,1,2,1,1000,CO,0,0
3,70,0.6,0,1,1,2,1,1000,CO,0,0
3,70,0.6,0,2,1,2,1,1000,CO,0,0
3,70,0.6,0,3,1,2,0.99,1000,CO,0.0704265574907648,0.141991889938839
3,70,0.6,0,4,1,2,0.96,1000,CO,0.138702559457279,0.288386891752493
3,70,0.6,0.1,0,1,2,0.9,1000,CO,0.212344060430237,0.470933822200569
3,70,0.6,0.1,1,1,2,0.84,1000,CO,0.25948872807889,0.616597110728281
3,70,0.6,0.1,2,1,2,0.83,1000,CO,0.265877979531965,0.639391048101304
3,70,0.6,0.1,3,1,2,0.85,1000,CO,0.252739984964786,0.593495326910381
3,70,0.6,0.1,4,0.5,2,0.7,1000,CO,0.324360910098612,-0.616597110728281
3,70,0.6,0.2,0,1,2,0.91,1000,CO,0.202563323432452,0.444305506421117
3,70,0.6,0.2,1,1,2,0.88,1000,CO,0.230012173590878,0.521711516945377
3,70,0.6,0.2,2,1,2,0.87,1000,CO,0.238040122668428,0.546126419961061
3,70,0.6,0.2,3,1,2,0.87,1000,CO,0.238040122668428,0.546126419961061
3,70,0.6,0.2,4,0.5,2,0.73,1000,CO,0.314240512983288,-0.731923448750963
4,35,0,0,0,0.5,2,0.05,1000,N-of-1,0.154264383446083,2.91706996746453
4,35,0,0,1,0.5,2,0.05,1000,N-of-1,0.154264383446083,2.91706996746453
4,35,0,0,2,0,2,0.06,1000,N-of-1,0.168096400913285,-0.356938040755267
4,35,0,0,3,0.5,2,0.08,1000,N-of-1,0.192024998372608,2.18721522488977
4,35,0,0,4,0.5,2,0.05,1000,N-of-1,0.154264383446083,2.91706996746453
4,35,0,0.1,0,0.5,2,0.07,1000,N-of-1,0.180596511594217,2.38099837147558
4,35,0,0.1,1,0,2,0.08,1000,N-of-1,0.192024998372608,-0.416612423788527
4,35,0,0.1,2,0,2,0.08,1000,N-of-1,0.192024998372608,-0.416612423788527
4,35,0,0.1,3,0,2,0.09,1000,N-of-1,0.202563323432452,-0.444305506421117
4,35,0,0.1,4,0.5,2,0.08,1000,N-of-1,0.192024998372608,2.18721522488977
4,35,0,0.2,0,0,2,0.08,1000,N-of-1,0.192024998372608,-0.416612423788527
4,35,0,0.2,1,0,2,0.06,1000,N-of-1,0.168096400913285,-0.356938040755267
4,35,0,0.2,2,0,2,0.08,1000,N-of-1,0.192024998372608,-0.416612423788527
4,35,0,0.2,3,0,2,0.06,1000,N-of-1,0.168096400913285,-0.356938040755267
4,35,0,0.2,4,0,2,0.1,1000,N-of-1,0.212344060430237,-0.470933822200569
4,35,0.3,0,0,0,2,0.54,1000,N-of-1,0.352772447903744,-1.53073178817905
4,35,0.3,0,1,0,2,0.45,1000,N-of-1,0.352132787453824,-1.27792700944955
4,35,0.3,0,2,0,2,0.48,1000,N-of-1,0.353623528628964,-1.35737574324031
4,35,0.3,0,3,0,2,0.43,1000,N-of-1,0.350421317844677,-1.22709429507538
4,35,0.3,0,4,0,2,0.34,1000,N-of-1,0.335297479859303,-1.01402491943175
4,35,0.3,0.1,0,0,2,0.08,1000,N-of-1,0.192024998372608,-0.416612423788527
4,35,0.3,0.1,1,0,2,0.09,1000,N-of-1,0.202563323432452,-0.444305506421117
4,35,0.3,0.1,2,0,2,0.05,1000,N-of-1,0.154264383446083,-0.324118885273837
4,35,0.3,0.1,3,0,2,0.05,1000,N-of-1,0.154264383446083,-0.324118885273837
4,35,0.3,0.1,4,0.5,2,0.11,1000,N-of-1,0.221467604854525,1.76097989706521
4,35,0.3,0.2,0,0,2,0.07,1000,N-of-1,0.180596511594217,-0.387604386054164
4,35,0.3,0.2,1,0,2,0.07,1000,N-of-1,0.180596511594217,-0.387604386054164
4,35,0.3,0.2,2,0.5,2,0.07,1000,N-of-1,0.180596511594217,2.38099837147558
4,35,0.3,0.2,3,0,2,0.07,1000,N-of-1,0.180596511594217,-0.387604386054164
4,35,0.3,0.2,4,0,2,0.12,1000,N-of-1,0.230012173590878,-0.521711516945377
4,35,0.6,0,0,1,2,0.95,1000,N-of-1,0.154264383446083,0.324118885273837
4,35,0.6,0,1,1,2,0.86,1000,N-of-1,0.245602117254718,0.5700276592274
4,35,0.6,0,2,1,2,0.88,1000,N-of-1,0.230012173590878,0.521711516945377
4,35,0.6,0,3,1,2,0.89,1000,N-of-1,0.221467604854525,0.496686637633777
4,35,0.6,0,4,1,2,0.67,1000,N-of-1,0.332822925893034,0.991518234852784
4,35,0.6,0.1,0,0,2,0.18,1000,N-of-1,0.271933080003151,-0.661927559522786
4,35,0.6,0.1,1,0,2,0.2,1000,N-of-1,0.283125413906982,-0.706400733300854
4,35,0.6,0.1,2,0,2,0.15,1000,N-of-1,0.252739984964786,-0.59349532691038
4,35,0.6,0.1,3,0,2,0.18,1000,N-of-1,0.271933080003151,-0.661927559522786
4,35,0.6,0.1,4,0,2,0.21,1000,N-of-1,0.288298283033389,-0.72841224647765
4,35,0.6,0.2,0,0.5,2,0.23,1000,N-of-1,0.297870945209498,0.906432817105085
4,35,0.6,0.2,1,0.5,2,0.18,1000,N-of-1,0.271933080003151,1.17676010581829
4,35,0.6,0.2,2,0.5,2,0.21,1000,N-of-1,0.288298283033389,1.00590262608818
4,35,0.6,0.2,3,0.5,2,0.22,1000,N-of-1,0.293209140375944,0.95494976603046
4,35,0.6,0.2,4,0,2,0.23,1000,N-of-1,0.297870945209498,-0.772146473830257
4,70,0,0,0,0,2,0.06,1000,N-of-1,0.168096400913285,-0.356938040755267
4,70,0,0,1,0,2,0.07,1000,N-of-1,0.180596511594217,-0.387604386054164
4,70,0,0,2,0,2,0.06,1000,N-of-1,0.168096400913285,-0.356938040755267
4,70,0,0,3,0,2,0.07,1000,N-of-1,0.180596511594217,-0.387604386054164
4,70,0,0,4,0,2,0.1,1000,N-of-1,0.212344060430237,-0.470933822200569
4,70,0,0.1,0,1,2,0.06,1000,N-of-1,0.168096400913285,5.59202930516585
4,70,0,0.1,1,1,2,0.07,1000,N-of-1,0.180596511594217,5.14960112900532
4,70,0,0.1,2,1,2,0.05,1000,N-of-1,0.154264383446083,6.1582588202029
4,70,0,0.1,3,1,2,0.07,1000,N-of-1,0.180596511594217,5.14960112900532
4,70,0,0.1,4,1,2,0.1,1000,N-of-1,0.212344060430237,4.23840439980512
4,70,0,0.2,0,0,2,0.04,1000,N-of-1,0.138702559457279,-0.288386891752493
4,70,0,0.2,1,0,2,0.05,1000,N-of-1,0.154264383446083,-0.324118885273837
4,70,0,0.2,2,0,2,0.05,1000,N-of-1,0.154264383446083,-0.324118885273837
4,70,0,0.2,3,0,2,0.05,1000,N-of-1,0.154264383446083,-0.324118885273837
4,70,0,0.2,4,0,2,0.05,1000,N-of-1,0.154264383446083,-0.324118885273837
4,70,0.3,0,0,0.5,2,0.74,1000,N-of-1,0.310471254708065,-0.773018423962216
4,70,0.3,0,1,0.5,2,0.66,1000,N-of-1,0.335297479859303,-0.477188197379649
4,70,0.3,0,2,0.5,2,0.67,1000,N-of-1,0.332822925893034,-0.510782120984768
4,70,0.3,0,3,0.5,2,0.61,1000,N-of-1,0.345236006233417,-0.318622617611988
4,70,0.3,0,4,0,2,0.49,1000,N-of-1,0.3538359789507,-1.38482242945755
4,70,0.3,0.1,0,0,2,0.12,1000,N-of-1,0.230012173590878,-0.521711516945377
4,70,0.3,0.1,1,0,2,0.1,1000,N-of-1,0.212344060430237,-0.470933822200569
4,70,0.3,0.1,2,0,2,0.11,1000,N-of-1,0.221467604854525,-0.496686637633777
4,70,0.3,0.1,3,0,2,0.11,1000,N-of-1,0.221467604854525,-0.496686637633777
4,70,0.3,0.1,4,0.5,2,0.13,1000,N-of-1,0.238040122668428,1.5543598106584
4,70,0.3,0.2,0,0,2,0.1,1000,N-of-1,0.212344060430237,-0.470933822200569
4,70,0.3,0.2,1,0,2,0.13,1000,N-of-1,0.238040122668428,-0.546126419961061
4,70,0.3,0.2,2,0,2,0.12,1000,N-of-1,0.230012173590878,-0.521711516945377
4,70,0.3,0.2,3,0,2,0.14,1000,N-of-1,0.245602117254718,-0.5700276592274
4,70,0.3,0.2,4,0,2,0.14,1000,N-of-1,0.245602117254718,-0.5700276592274
4,70,0.6,0,0,1,2,1,1000,N-of-1,0,0
4,70,0.6,0,1,1,2,0.99,1000,N-of-1,0.0704265574907648,0.141991889938839
4,70,0.6,0,2,1,2,0.99,1000,N-of-1,0.0704265574907648,0.141991889938839
4,70,0.6,0,3,1,2,1,1000,N-of-1,0,0
4,70,0.6,0,4,1,2,0.94,1000,N-of-1,0.168096400913286,0.356938040755267
4,70,0.6,0.1,0,0.5,2,0.22,1000,N-of-1,0.293209140375944,0.95494976603046
4,70,0.6,0.1,1,1,2,0.25,1000,N-of-1,0.306492251125538,2.44704392116198
4,70,0.6,0.1,2,0.5,2,0.25,1000,N-of-1,0.306492251125538,0.815681307053994
4,70,0.6,0.1,3,0.5,2,0.29,1000,N-of-1,0.321178922097948,0.653841163138213
4,70,0.6,0.1,4,0.5,2,0.24,1000,N-of-1,0.30229521994236,0.860086375330629
4,70,0.6,0.2,0,0,2,0.33,1000,N-of-1,0.332822925893034,-0.991518234852784
4,70,0.6,0.2,1,0,2,0.28,1000,N-of-1,0.317807488898547,-0.881036507259223
4,70,0.6,0.2,2,0,2,0.37,1000,N-of-1,0.341735423975917,-1.08270894394043
4,70,0.6,0.2,3,0,2,0.34,1000,N-of-1,0.335297479859303,-1.01402491943175
4,70,0.6,0.2,4,0.5,2,0.33,1000,N-of-1,0.332822925893034,0.510782120984768
