modelparamset,id,trialdesign,n_repairs,min_eig,max_cor_change,bm_br_spec,bm_br_used,seconds,N,c.bm,carryover_t1half,design
1,1,1,0,,0,,,2.007,35,0,0,OL
2,2,1,0,,0,,,2.07,70,0,0,OL
3,3,1,0,,0,,,1.993,35,0.3,0,OL
4,4,1,0,,0,,,2.05,70,0.3,0,OL
5,5,1,0,,0,,,1.925,35,0.6,0,OL
6,6,1,0,,0,,,2.213,70,0.6,0,OL
7,7,1,0,,0,,,1.967,35,0,0.1,OL
8,8,1,0,,0,,,2.053,70,0,0.1,OL
9,9,1,0,,0,,,1.449,35,0.3,0.1,OL
10,10,1,0,,0,,,1.624,70,0.3,0.1,OL
11,11,1,0,,0,,,1.487,35,0.6,0.1,OL
12,12,1,0,,0,,,1.575,70,0.6,0.1,OL
13,13,1,0,,0,,,1.444,35,0,0.2,OL
14,14,1,0,,0,,,1.46,70,0,0.2,OL
15,15,1,0,,0,,,1.485,35,0.3,0.2,OL
16,16,1,0,,0,,,1.437,70,0.3,0.2,OL
17,17,1,0,,0,,,1.562,35,0.6,0.2,OL
18,18,1,0,,0,,,1.64,70,0.6,0.2,OL
1,19,2,0,,0,,,1.665,35,0,0,OL+BDC
2,20,2,0,,0,,,1.724,70,0,0,OL+BDC
3,21,2,2,-0.0312707121533405,0.00647669176030052,0.3,0.29980522841612,1.6,35,0.3,0,OL+BDC
4,22,2,2,-0.0312707121533405,0.00647669176030052,0.3,0.29980522841612,1.724,70,0.3,0,OL+BDC
5,23,2,2,-0.383609908677469,0.0972663524664553,0.6,0.567745457056612,1.652,35,0.6,0,OL+BDC
6,24,2,2,-0.383609908677469,0.0972663524664553,0.6,0.567745457056612,1.707,70,0.6,0,OL+BDC
7,25,2,0,,0,,,1.955,35,0,0.1,OL+BDC
8,26,2,0,,0,,,1.968,70,0,0.1,OL+BDC
9,27,2,0,,0,,,1.818,35,0.3,0.1,OL+BDC
10,28,2,0,,0,,,1.924,70,0.3,0.1,OL+BDC
11,29,2,0,,0,,,1.989,35,0.6,0.1,OL+BDC
12,30,2,0,,0,,,1.852,70,0.6,0.1,OL+BDC
13,31,2,0,,0,,,1.924,35,0,0.2,OL+BDC
14,32,2,0,,0,,,1.943,70,0,0.2,OL+BDC
15,33,2,0,,0,,,1.805,35,0.3,0.2,OL+BDC
16,34,2,0,,0,,,1.934,70,0.3,0.2,OL+BDC
17,35,2,0,,0,,,1.78,35,0.6,0.2,OL+BDC
18,36,2,0,,0,,,2.032,70,0.6,0.2,OL+BDC
1,37,3,0,,0,,,1.804,35,0,0,CO
2,38,3,0,,0,,,1.853,70,0,0,CO
3,39,3,2,-0.0375517150199973,0.0071089947176628,0.3,0.297960081981313,1.663,35,0.3,0,CO
4,40,3,2,-0.0375517150199973,0.0071089947176628,0.3,0.297960081981313,1.832,70,0.3,0,CO
5,41,3,2,-0.389856133744814,0.0905245869411764,0.6,0.540431650884035,1.831,35,0.6,0,CO
6,42,3,2,-0.389856133744814,0.0905245869411764,0.6,0.540431650884035,1.794,70,0.6,0,CO
7,43,3,0,,0,,,1.62,35,0,0.1,CO
8,44,3,0,,0,,,1.736,70,0,0.1,CO
9,45,3,1,-0.0375517150199954,0.0071089947176628,0.3,0.297960081981313,1.637,35,0.3,0.1,CO
10,46,3,1,-0.0375517150199954,0.0071089947176628,0.3,0.297960081981313,1.788,70,0.3,0.1,CO
11,47,3,1,-0.389856133744813,0.0905245869411764,0.6,0.540431650884035,1.639,35,0.6,0.1,CO
12,48,3,1,-0.389856133744813,0.0905245869411764,0.6,0.540431650884035,1.772,70,0.6,0.1,CO
13,49,3,0,,0,,,1.653,35,0,0.2,CO
14,50,3,0,,0,,,1.731,70,0,0.2,CO
15,51,3,1,-0.0375517150199954,0.0071089947176628,0.3,0.297960081981313,1.801,35,0.3,0.2,CO
16,52,3,1,-0.0375517150199954,0.0071089947176628,0.3,0.297960081981313,1.846,70,0.3,0.2,CO
17,53,3,1,-0.389856133744813,0.0905245869411764,0.6,0.540431650884035,1.599,35,0.6,0.2,CO
18,54,3,1,-0.389856133744813,0.0905245869411764,0.6,0.540431650884035,1.69,70,0.6,0.2,CO
1,55,4,0,,0,,,1.796,35,0,0,N-of-1
2,56,4,0,,0,,,1.876,70,0,0,N-of-1
3,57,4,4,-0.0375517150199976,0.00748362660698854,0.3,0.298756722241964,2.122,35,0.3,0,N-of-1
4,58,4,4,-0.0375517150199976,0.00748362660698854,0.3,0.298756722241964,2.199,70,0.3,0,N-of-1
5,59,4,4,-0.389856133744814,0.0949295485140101,0.6,0.552121649950671,2.206,35,0.6,0,N-of-1
6,60,4,4,-0.389856133744814,0.0949295485140101,0.6,0.552121649950671,2.223,70,0.6,0,N-of-1
7,61,4,0,,0,,,2.064,35,0,0.1,N-of-1
8,62,4,0,,0,,,2.265,70,0,0.1,N-of-1
9,63,4,0,,0,,,2.231,35,0.3,0.1,N-of-1
10,64,4,0,,0,,,2.054,70,0.3,0.1,N-of-1
11,65,4,0,,0,,,2.225,35,0.6,0.1,N-of-1
12,66,4,0,,0,,,2.318,70,0.6,0.1,N-of-1
13,67,4,0,,0,,,2.261,35,0,0.2,N-of-1
14,68,4,0,,0,,,2.23,70,0,0.2,N-of-1
15,69,4,0,,0,,,2.045,35,0.3,0.2,N-of-1
16,70,4,0,,0,,,2.06,70,0.3,0.2,N-of-1
17,71,4,0,,0,,,1.981,35,0.6,0.2,N-of-1
18,72,4,0,,0,,,2.038,70,0.6,0.2,N-of-1
