censorparamset,power,mean_beta,n,version,design,N,t_half,repairs,censoring
0,0.088,-0.00318275610257695,250,graded,OL,35,0,0,No censoring
1,0.088,-0.00311276634756805,250,graded,OL,35,0,0,balanced
2,0.076,-0.00323494705069269,250,graded,OL,35,0,0,more of flat
3,0.1,-0.00371753987060259,250,graded,OL,35,0,0,more of biased
4,0.1,-0.00416496403572235,250,graded,OL,35,0,0,high dropout
0,0.072,-0.00293734168491061,250,graded,OL,35,0.1,0,No censoring
1,0.064,-0.0030396467810788,250,graded,OL,35,0.1,0,balanced
2,0.06,-0.00316377146583014,250,graded,OL,35,0.1,0,more of flat
3,0.064,-0.00298633652329059,250,graded,OL,35,0.1,0,more of biased
4,0.128,-0.00490824023411692,250,graded,OL,35,0.1,0,high dropout
0,0.108,-0.00374852954962978,250,graded,OL,35,0.2,0,No censoring
1,0.1,-0.00396774079387331,250,graded,OL,35,0.2,0,balanced
2,0.088,-0.00387848909991386,250,graded,OL,35,0.2,0,more of flat
3,0.096,-0.0042516731451215,250,graded,OL,35,0.2,0,more of biased
4,0.128,-0.00630235706167234,250,graded,OL,35,0.2,0,high dropout
0,0.104,-0.00330977312212639,250,graded,OL,70,0,0,No censoring
1,0.1,-0.00361765924277682,250,graded,OL,70,0,0,balanced
2,0.124,-0.00354386742425232,250,graded,OL,70,0,0,more of flat
3,0.124,-0.00373339743693193,250,graded,OL,70,0,0,more of biased
4,0.128,-0.00453591623462293,250,graded,OL,70,0,0,high dropout
0,0.152,-0.00361927641015758,250,graded,OL,70,0.1,0,No censoring
1,0.152,-0.00404019454428838,250,graded,OL,70,0.1,0,balanced
2,0.136,-0.00388995846867293,250,graded,OL,70,0.1,0,more of flat
3,0.164,-0.0038492402030001,250,graded,OL,70,0.1,0,more of biased
4,0.14,-0.00553350664264817,250,graded,OL,70,0.1,0,high dropout
0,0.096,-0.0033279277693573,250,graded,OL,70,0.2,0,No censoring
1,0.108,-0.00390067047288928,250,graded,OL,70,0.2,0,balanced
2,0.092,-0.00358874854730545,250,graded,OL,70,0.2,0,more of flat
3,0.096,-0.00386586883276211,250,graded,OL,70,0.2,0,more of biased
4,0.096,-0.00426938121814683,250,graded,OL,70,0.2,0,high dropout
0,0.364,-0.13249499678722,250,graded,OL+BDC,35,0,0,No censoring
1,0.276,-0.132140179190621,250,graded,OL+BDC,35,0,0,balanced
2,0.292,-0.127956447106881,250,graded,OL+BDC,35,0,0,more of flat
3,0.268,-0.127033920359936,250,graded,OL+BDC,35,0,0,more of biased
4,0.208,-0.140757073608095,250,graded,OL+BDC,35,0,0,high dropout
0,0.38,-0.139968641345133,250,graded,OL+BDC,35,0.1,0,No censoring
1,0.312,-0.143095621628173,250,graded,OL+BDC,35,0.1,0,balanced
2,0.316,-0.139835415764731,250,graded,OL+BDC,35,0.1,0,more of flat
3,0.296,-0.137019464868835,250,graded,OL+BDC,35,0.1,0,more of biased
4,0.172,-0.137128530656998,250,graded,OL+BDC,35,0.1,0,high dropout
0,0.368,-0.126218276840323,250,graded,OL+BDC,35,0.2,0,No censoring
1,0.312,-0.127416520599788,250,graded,OL+BDC,35,0.2,0,balanced
2,0.3,-0.125195595645796,250,graded,OL+BDC,35,0.2,0,more of flat
3,0.304,-0.126865502264737,250,graded,OL+BDC,35,0.2,0,more of biased
4,0.228,-0.129024745463904,250,graded,OL+BDC,35,0.2,0,high dropout
0,0.568,-0.125870285168814,250,graded,OL+BDC,70,0,0,No censoring
1,0.468,-0.125969690754284,250,graded,OL+BDC,70,0,0,balanced
2,0.452,-0.12682653119013,250,graded,OL+BDC,70,0,0,more of flat
3,0.476,-0.123273901335149,250,graded,OL+BDC,70,0,0,more of biased
4,0.264,-0.119732706850425,250,graded,OL+BDC,70,0,0,high dropout
0,0.568,-0.130039433111988,250,graded,OL+BDC,70,0.1,0,No censoring
1,0.48,-0.130298271776414,250,graded,OL+BDC,70,0.1,0,balanced
2,0.452,-0.129258851400084,250,graded,OL+BDC,70,0.1,0,more of flat
3,0.468,-0.128525597984179,250,graded,OL+BDC,70,0.1,0,more of biased
4,0.312,-0.127338435291455,250,graded,OL+BDC,70,0.1,0,high dropout
0,0.596,-0.131795233247246,250,graded,OL+BDC,70,0.2,0,No censoring
1,0.512,-0.132007318051715,250,graded,OL+BDC,70,0.2,0,balanced
2,0.512,-0.133877445291749,250,graded,OL+BDC,70,0.2,0,more of flat
3,0.5,-0.131972909129149,250,graded,OL+BDC,70,0.2,0,more of biased
4,0.348,-0.134029538108095,250,graded,OL+BDC,70,0.2,0,high dropout
0,0.408,-0.126466560434352,250,graded,CO,35,0,0,No censoring
1,0.296,-0.120589749172382,250,graded,CO,35,0,0,balanced
2,0.328,-0.125364098317093,250,graded,CO,35,0,0,more of flat
3,0.368,-0.12691079416875,250,graded,CO,35,0,0,more of biased
4,0.212,-0.127105623762484,250,graded,CO,35,0,0,high dropout
0,0.4,-0.122106457689611,250,graded,CO,35,0.1,0,No censoring
1,0.328,-0.12435415117111,250,graded,CO,35,0.1,0,balanced
2,0.296,-0.119457071893121,250,graded,CO,35,0.1,0,more of flat
3,0.296,-0.11871920939705,250,graded,CO,35,0.1,0,more of biased
4,0.224,-0.117609546716152,250,graded,CO,35,0.1,0,high dropout
0,0.408,-0.12567123346147,250,graded,CO,35,0.2,0,No censoring
1,0.296,-0.124895982108638,250,graded,CO,35,0.2,0,balanced
2,0.32,-0.127629177077042,250,graded,CO,35,0.2,0,more of flat
3,0.296,-0.120354374237733,250,graded,CO,35,0.2,0,more of biased
4,0.216,-0.118982868679463,250,graded,CO,35,0.2,0,high dropout
0,0.736,-0.130508410004902,250,graded,CO,70,0,0,No censoring
1,0.628,-0.131948584672491,250,graded,CO,70,0,0,balanced
2,0.624,-0.129547145417645,250,graded,CO,70,0,0,more of flat
3,0.588,-0.128391698372949,250,graded,CO,70,0,0,more of biased
4,0.456,-0.139854705667085,250,graded,CO,70,0,0,high dropout
0,0.708,-0.127221172384142,250,graded,CO,70,0.1,0,No censoring
1,0.612,-0.12748276334544,250,graded,CO,70,0.1,0,balanced
2,0.588,-0.127410014460759,250,graded,CO,70,0.1,0,more of flat
3,0.632,-0.127461607403074,250,graded,CO,70,0.1,0,more of biased
4,0.384,-0.124798658903316,250,graded,CO,70,0.1,0,high dropout
0,0.78,-0.133252516585694,250,graded,CO,70,0.2,0,No censoring
1,0.652,-0.133795838699544,250,graded,CO,70,0.2,0,balanced
2,0.648,-0.134127248269161,250,graded,CO,70,0.2,0,more of flat
3,0.64,-0.132542868019741,250,graded,CO,70,0.2,0,more of biased
4,0.416,-0.134213000963129,250,graded,CO,70,0.2,0,high dropout
0,0.356,-0.119330537122697,250,graded,N-of-1,35,0,0,No censoring
1,0.26,-0.114785672689129,250,graded,N-of-1,35,0,0,balanced
2,0.264,-0.113309297368457,250,graded,N-of-1,35,0,0,more of flat
3,0.288,-0.118654127872411,250,graded,N-of-1,35,0,0,more of biased
4,0.204,-0.108589680477562,250,graded,N-of-1,35,0,0,high dropout
0,0.412,-0.133289266964112,250,graded,N-of-1,35,0.1,0,No censoring
1,0.304,-0.130510609676353,250,graded,N-of-1,35,0.1,0,balanced
2,0.32,-0.134729188975561,250,graded,N-of-1,35,0.1,0,more of flat
3,0.324,-0.131140119709377,250,graded,N-of-1,35,0.1,0,more of biased
4,0.228,-0.134193540306276,250,graded,N-of-1,35,0.1,0,high dropout
0,0.404,-0.133400640987119,250,graded,N-of-1,35,0.2,0,No censoring
1,0.336,-0.129568535756065,250,graded,N-of-1,35,0.2,0,balanced
2,0.332,-0.134170579949657,250,graded,N-of-1,35,0.2,0,more of flat
3,0.32,-0.132157608301087,250,graded,N-of-1,35,0.2,0,more of biased
4,0.252,-0.130760825233116,250,graded,N-of-1,35,0.2,0,high dropout
0,0.66,-0.131969517368271,250,graded,N-of-1,70,0,0,No censoring
1,0.568,-0.131171019164761,250,graded,N-of-1,70,0,0,balanced
2,0.572,-0.128358722076477,250,graded,N-of-1,70,0,0,more of flat
3,0.524,-0.130633342901626,250,graded,N-of-1,70,0,0,more of biased
4,0.388,-0.128251742194723,250,graded,N-of-1,70,0,0,high dropout
0,0.616,-0.124273976991527,250,graded,N-of-1,70,0.1,0,No censoring
1,0.532,-0.124278795248723,250,graded,N-of-1,70,0.1,0,balanced
2,0.468,-0.120829676543375,250,graded,N-of-1,70,0.1,0,more of flat
3,0.476,-0.123431045048842,250,graded,N-of-1,70,0.1,0,more of biased
4,0.332,-0.119149653619434,250,graded,N-of-1,70,0.1,0,high dropout
0,0.676,-0.128182048334407,250,graded,N-of-1,70,0.2,0,No censoring
1,0.56,-0.127921210951001,250,graded,N-of-1,70,0.2,0,balanced
2,0.568,-0.126583059542016,250,graded,N-of-1,70,0.2,0,more of flat
3,0.564,-0.128661647505519,250,graded,N-of-1,70,0.2,0,more of biased
4,0.312,-0.123202694527028,250,graded,N-of-1,70,0.2,0,high dropout
0,0.088,-0.00318275610257695,250,published,OL,35,0,0,No censoring
1,0.088,-0.00311276634756805,250,published,OL,35,0,0,balanced
2,0.076,-0.00323494705069269,250,published,OL,35,0,0,more of flat
3,0.1,-0.00371753987060259,250,published,OL,35,0,0,more of biased
4,0.1,-0.00416496403572235,250,published,OL,35,0,0,high dropout
0,0.072,-0.00293734168491061,250,published,OL,35,0.1,0,No censoring
1,0.064,-0.0030396467810788,250,published,OL,35,0.1,0,balanced
2,0.06,-0.00316377146583014,250,published,OL,35,0.1,0,more of flat
3,0.064,-0.00298633652329059,250,published,OL,35,0.1,0,more of biased
4,0.128,-0.00490824023411692,250,published,OL,35,0.1,0,high dropout
0,0.108,-0.00374852954962978,250,published,OL,35,0.2,0,No censoring
1,0.1,-0.00396774079387331,250,published,OL,35,0.2,0,balanced
2,0.088,-0.00387848909991386,250,published,OL,35,0.2,0,more of flat
3,0.096,-0.0042516731451215,250,published,OL,35,0.2,0,more of biased
4,0.128,-0.00630235706167234,250,published,OL,35,0.2,0,high dropout
0,0.104,-0.00330977312212639,250,published,OL,70,0,0,No censoring
1,0.1,-0.00361765924277682,250,published,OL,70,0,0,balanced
2,0.124,-0.00354386742425232,250,published,OL,70,0,0,more of flat
3,0.124,-0.00373339743693193,250,published,OL,70,0,0,more of biased
4,0.128,-0.00453591623462293,250,published,OL,70,0,0,high dropout
0,0.152,-0.00361927641015758,250,published,OL,70,0.1,0,No censoring
1,0.152,-0.00404019454428838,250,published,OL,70,0.1,0,balanced
2,0.136,-0.00388995846867293,250,published,OL,70,0.1,0,more of flat
3,0.164,-0.0038492402030001,250,published,OL,70,0.1,0,more of biased
4,0.14,-0.00553350664264817,250,published,OL,70,0.1,0,high dropout
0,0.096,-0.0033279277693573,250,published,OL,70,0.2,0,No censoring
1,0.108,-0.00390067047288928,250,published,OL,70,0.2,0,balanced
2,0.092,-0.00358874854730545,250,published,OL,70,0.2,0,more of flat
3,0.096,-0.00386586883276211,250,published,OL,70,0.2,0,more of biased
4,0.096,-0.00426938121814683,250,published,OL,70,0.2,0,high dropout
0,0.364,-0.13249499678722,250,published,OL+BDC,35,0,0,No censoring
1,0.276,-0.132140179190621,250,published,OL+BDC,35,0,0,balanced
2,0.292,-0.127956447106881,250,published,OL+BDC,35,0,0,more of flat
3,0.268,-0.127033920359936,250,published,OL+BDC,35,0,0,more of biased
4,0.208,-0.140757073608095,250,published,OL+BDC,35,0,0,high dropout
0,0.096,-0.0461651859271218,250,published,OL+BDC,35,0.1,0,No censoring
1,0.104,-0.0597665645225522,250,published,OL+BDC,35,0.1,0,balanced
2,0.124,-0.0608187459307646,250,published,OL+BDC,35,0.1,0,more of flat
3,0.108,-0.0579824189494488,250,published,OL+BDC,35,0.1,0,more of biased
4,0.116,-0.085333736360326,250,published,OL+BDC,35,0.1,0,high dropout
0,0.132,-0.0428111994078163,250,published,OL+BDC,35,0.2,0,No censoring
1,0.136,-0.0492386051837616,250,published,OL+BDC,35,0.2,0,balanced
2,0.136,-0.0532860193146733,250,published,OL+BDC,35,0.2,0,more of flat
3,0.152,-0.0559647974490334,250,published,OL+BDC,35,0.2,0,more of biased
4,0.136,-0.0770465124297308,250,published,OL+BDC,35,0.2,0,high dropout
0,0.568,-0.125870285168814,250,published,OL+BDC,70,0,0,No censoring
1,0.468,-0.125969690754284,250,published,OL+BDC,70,0,0,balanced
2,0.452,-0.12682653119013,250,published,OL+BDC,70,0,0,more of flat
3,0.476,-0.123273901335149,250,published,OL+BDC,70,0,0,more of biased
4,0.264,-0.119732706850425,250,published,OL+BDC,70,0,0,high dropout
0,0.124,-0.031971388583506,250,published,OL+BDC,70,0.1,0,No censoring
1,0.128,-0.0415894499436131,250,published,OL+BDC,70,0.1,0,balanced
2,0.144,-0.0394839023982436,250,published,OL+BDC,70,0.1,0,more of flat
3,0.14,-0.0375453160001996,250,published,OL+BDC,70,0.1,0,more of biased
4,0.176,-0.0704138982782073,250,published,OL+BDC,70,0.1,0,high dropout
0,0.132,-0.0342718279916765,250,published,OL+BDC,70,0.2,0,No censoring
1,0.14,-0.0467246448656998,250,published,OL+BDC,70,0.2,0,balanced
2,0.14,-0.045098330122657,250,published,OL+BDC,70,0.2,0,more of flat
3,0.128,-0.0431288547135571,250,published,OL+BDC,70,0.2,0,more of biased
4,0.152,-0.073447898053687,250,published,OL+BDC,70,0.2,0,high dropout
0,0.408,-0.126466560434352,250,published,CO,35,0,0,No censoring
1,0.296,-0.120589749172382,250,published,CO,35,0,0,balanced
2,0.328,-0.125364098317093,250,published,CO,35,0,0,more of flat
3,0.368,-0.12691079416875,250,published,CO,35,0,0,more of biased
4,0.212,-0.127105623762484,250,published,CO,35,0,0,high dropout
0,0.224,-0.084732895678669,250,published,CO,35,0.1,0,No censoring
1,0.18,-0.089399043611875,250,published,CO,35,0.1,0,balanced
2,0.176,-0.0849697199079124,250,published,CO,35,0.1,0,more of flat
3,0.18,-0.0869534623539453,250,published,CO,35,0.1,0,more of biased
4,0.172,-0.0937657175688259,250,published,CO,35,0.1,0,high dropout
0,0.164,-0.070243209110999,250,published,CO,35,0.2,0,No censoring
1,0.128,-0.0723824079012189,250,published,CO,35,0.2,0,balanced
2,0.148,-0.0776105571742679,250,published,CO,35,0.2,0,more of flat
3,0.12,-0.0717300925717719,250,published,CO,35,0.2,0,more of biased
4,0.124,-0.0730073342255811,250,published,CO,35,0.2,0,high dropout
0,0.736,-0.130508410004902,250,published,CO,70,0,0,No censoring
1,0.628,-0.131948584672491,250,published,CO,70,0,0,balanced
2,0.624,-0.129547145417645,250,published,CO,70,0,0,more of flat
3,0.588,-0.128391698372949,250,published,CO,70,0,0,more of biased
4,0.456,-0.139854705667085,250,published,CO,70,0,0,high dropout
0,0.336,-0.0777856894741302,250,published,CO,70,0.1,0,No censoring
1,0.312,-0.0809868597427457,250,published,CO,70,0.1,0,balanced
2,0.316,-0.0827912022840739,250,published,CO,70,0.1,0,more of flat
3,0.304,-0.082778899703089,250,published,CO,70,0.1,0,more of biased
4,0.188,-0.0887199609516517,250,published,CO,70,0.1,0,high dropout
0,0.328,-0.0791401867103309,250,published,CO,70,0.2,0,No censoring
1,0.3,-0.0808250522378621,250,published,CO,70,0.2,0,balanced
2,0.288,-0.0834734650237942,250,published,CO,70,0.2,0,more of flat
3,0.276,-0.0808647290149087,250,published,CO,70,0.2,0,more of biased
4,0.236,-0.0900703029074837,250,published,CO,70,0.2,0,high dropout
0,0.356,-0.119330537122697,250,published,N-of-1,35,0,0,No censoring
1,0.26,-0.114785672689129,250,published,N-of-1,35,0,0,balanced
2,0.264,-0.113309297368457,250,published,N-of-1,35,0,0,more of flat
3,0.288,-0.118654127872411,250,published,N-of-1,35,0,0,more of biased
4,0.204,-0.108589680477562,250,published,N-of-1,35,0,0,high dropout
0,0.04,-0.0319922187581389,250,published,N-of-1,35,0.1,0,No censoring
1,0.06,-0.0353353353638397,250,published,N-of-1,35,0.1,0,balanced
2,0.056,-0.0373770361266315,250,published,N-of-1,35,0.1,0,more of flat
3,0.036,-0.0371754397105809,250,published,N-of-1,35,0.1,0,more of biased
4,0.088,-0.0553133747604223,250,published,N-of-1,35,0.1,0,high dropout
0,0.072,-0.0268790550081489,250,published,N-of-1,35,0.2,0,No censoring
1,0.084,-0.0306233645822085,250,published,N-of-1,35,0.2,0,balanced
2,0.092,-0.0351703940169506,250,published,N-of-1,35,0.2,0,more of flat
3,0.084,-0.0318570422526629,250,published,N-of-1,35,0.2,0,more of biased
4,0.084,-0.044050943900331,250,published,N-of-1,35,0.2,0,high dropout
0,0.66,-0.131969517368271,250,published,N-of-1,70,0,0,No censoring
1,0.568,-0.131171019164761,250,published,N-of-1,70,0,0,balanced
2,0.572,-0.128358722076477,250,published,N-of-1,70,0,0,more of flat
3,0.524,-0.130633342901626,250,published,N-of-1,70,0,0,more of biased
4,0.388,-0.128251742194723,250,published,N-of-1,70,0,0,high dropout
0,0.076,-0.024734146445163,250,published,N-of-1,70,0.1,0,No censoring
1,0.1,-0.0304049696840788,250,published,N-of-1,70,0.1,0,balanced
2,0.064,-0.0282694220888826,250,published,N-of-1,70,0.1,0,more of flat
3,0.084,-0.0319855536708898,250,published,N-of-1,70,0.1,0,more of biased
4,0.132,-0.0395731455504405,250,published,N-of-1,70,0.1,0,high dropout
0,0.076,-0.0272281315444989,250,published,N-of-1,70,0.2,0,No censoring
1,0.096,-0.0323332154533398,250,published,N-of-1,70,0.2,0,balanced
2,0.096,-0.0345255384204699,250,published,N-of-1,70,0.2,0,more of flat
3,0.096,-0.0329922383019598,250,published,N-of-1,70,0.2,0,more of biased
4,0.08,-0.0471217321624431,250,published,N-of-1,70,0.2,0,high dropout
