design,alloc,rule,t_half,id,seed,min_eig,power_pub,power_path,power_e9,mean_beta_pub,sd_beta_pub,fails_pub,fits,power_e9_closed,mcse_pub,z_e9
Hybrid,mix,step,0,1,20261004,0.00430297648113838,0.677,0.678,0.722,-0.130852527739416,0.05504331932531,0,1000,0.720866605525959,0.0147875285291356,0.0799001765305976
Hybrid,mix,step,1,2,20261005,0.0999999999999991,0.097,0.097,0.054,-0.0296025959218765,0.0592360504929791,0,1000,0.05,0.00935900635751467,0.580381000088005
Hybrid,mix,step,2,3,20261006,0.0999999999999991,0.083,0.083,0.058,-0.0306853489995546,0.056925631708928,0,1000,0.05,0.00872416185085995,1.16076200017601
Hybrid,mix,graded,0,4,20261007,0.00430297648113838,0.682,0.682,0.742,-0.133661124959429,0.0550700556730752,0,1000,0.720866605525959,0.0147267104269759,1.48982722947863
Hybrid,mix,graded,1,5,20261008,0.0346291056706903,0.485,0.485,0.476,-0.107723268745658,0.0552289885690221,0,1000,0.473499304586221,0.0158042715744826,0.158380478342895
Hybrid,mix,graded,2,6,20261009,0.0561960167963757,0.324,0.324,0.265,-0.0831982813670851,0.0559894159333419,0,1000,0.277697861482435,0.014799459449588,-0.896571371317075
Hybrid,mix,mean,0,7,20261010,0.0999999999999996,0.642,0.643,0.679,-0.132071835400414,0.0598902720480251,0,1000,0.681461327299079,0.0151603430040352,-0.167058153999877
Hybrid,mix,mean,1,8,20261011,0.0999999999999996,0.635,0.636,0.686,-0.130369462664111,0.0558363626248935,0,1000,0.682275797109047,0.0152241584332271,0.252946224075888
Hybrid,mix,mean,2,9,20261012,0.0999999999999996,0.628,0.628,0.681,-0.13066035178599,0.0577157123971255,0,1000,0.682025424655516,0.0152845019545944,-0.0696317444000307
Hybrid,A,step,0,10,20261013,0.00918116368036459,0.673,,0.732,-0.130714497045625,0.0538077672450733,0,1000,0.726254570759878,0.0148347901906296,0.407478409900139
Hybrid,A,step,1,11,20261014,0.0999999999999991,0.08,,0.053,-0.0305483257425608,0.0575208180933553,0,1000,0.05,0.00857904423581089,0.435285750066
Hybrid,A,step,2,12,20261015,0.0999999999999991,0.102,,0.054,-0.0337476085844558,0.0588427034169937,0,1000,0.05,0.00957057991973318,0.580381000088003
Hybrid,A,graded,0,13,20261016,0.00918116368036459,0.667,,0.729,-0.131826419099467,0.0559291384602096,0,1000,0.726254570759878,0.0149033888763596,0.194711847366596
Hybrid,A,graded,1,14,20261017,0.0462629424064427,0.472,,0.474,-0.106373071844423,0.0557812931225715,0,1000,0.451317179607291,0.0157865765763195,1.44143625104453
Hybrid,A,graded,2,15,20261018,0.0702105682917435,0.286,,0.238,-0.0827384012432566,0.0550644714386883,0,1000,0.249800471023283,0.0142899965010493,-0.86201400690198
Hybrid,A,mean,0,16,20261019,0.0999999999999996,0.65,,0.691,-0.129349445834549,0.0588593233129499,0,1000,0.686456598274069,0.0150831031289984,0.30968898868374
Hybrid,A,mean,1,17,20261020,0.0999999999999996,0.636,,0.68,-0.130133104297939,0.0562811381195713,0,1000,0.686456598274069,0.0152152555022911,-0.440096982492485
Hybrid,A,mean,2,18,20261021,0.0999999999999996,0.632,,0.701,-0.132126029724567,0.058833421553728,0,1000,0.686456598274069,0.0152504426165276,0.991312598843951
Hybrid,B,step,0,19,20261022,0.00918116368036473,0.663,,0.709,-0.130984780707416,0.0567157254604169,0,1000,0.726254570759878,0.0149476085043729,-1.22373190285703
Hybrid,B,step,1,20,20261023,0.0999999999999991,0.095,,0.056,-0.0320671011101774,0.0573329806951776,0,1000,0.05,0.00927227048785787,0.870571500132007
Hybrid,B,step,2,21,20261024,0.0999999999999991,0.087,,0.043,-0.0335526278106851,0.0559456800003263,0,1000,0.05,0.00891240708226459,-1.01566675015402
Hybrid,B,graded,0,22,20261025,0.00918116368036473,0.672,,0.748,-0.133223740967679,0.0546063250364096,0,1000,0.726254570759878,0.0148464137083674,1.54223341007904
Hybrid,B,graded,1,23,20261026,0.0431498187693276,0.456,,0.45,-0.103632994460359,0.0565995475485225,0,1000,0.467551297758415,0.0157500476189756,-1.11238651202068
Hybrid,B,graded,2,24,20261027,0.0626692178202849,0.348,,0.297,-0.0876987531531305,0.0587260953234066,0,1000,0.28454068299827,0.0150630674166984,0.873231872968748
Hybrid,B,mean,0,25,20261028,0.0999999999999996,0.636,,0.678,-0.128749699833968,0.057069807914477,0,1000,0.686456598274069,0.0152152555022911,-0.576421704524527
Hybrid,B,mean,1,26,20261029,0.0999999999999996,0.63,,0.669,-0.128632347774463,0.0580646660518582,0,1000,0.686456598274069,0.0152676127799994,-1.18988295366872
Hybrid,B,mean,2,27,20261030,0.0999999999999996,0.611,,0.681,-0.129236687808845,0.0568144337292989,0,1000,0.686456598274069,0.0154168414404508,-0.371934621476464
Hybrid,C,step,0,28,20261031,0.00430297648113838,0.659,,0.695,-0.13021350076555,0.0560351581580936,0,1000,0.717125230858013,0.0149906304070242,-1.55343541985905
Hybrid,C,step,1,29,20261032,0.0999999999999991,0.079,,0.049,-0.0237412464621826,0.057962817499562,0,1000,0.0500000000000001,0.00852988862764339,-0.145095250022012
Hybrid,C,step,2,30,20261033,0.0999999999999991,0.071,,0.055,-0.02306646241982,0.0573808853811744,0,1000,0.0500000000000001,0.00812151463706124,0.725476250110001
Hybrid,C,graded,0,31,20261034,0.00430297648113838,0.644,,0.697,-0.129634064673243,0.0566997187975514,0,1000,0.717125230858013,0.0151414662433993,-1.41301334428135
Hybrid,C,graded,1,32,20261035,0.0376477352362442,0.476,,0.484,-0.104676923021609,0.0552308928355703,0,1000,0.48135422867805,0.0157931630777372,0.167449744173776
Hybrid,C,graded,2,33,20261036,0.0648049461326258,0.322,,0.269,-0.0844174340643154,0.0543100616062952,0,1000,0.272521029915155,0.0147755202954075,-0.250068784118445
Hybrid,C,mean,0,34,20261037,0.0999999999999996,0.666,,0.706,-0.133088889695885,0.0576159765429831,0,1000,0.677996069159629,0.0149145566477854,1.89528629320696
Hybrid,C,mean,1,35,20261038,0.0999999999999996,0.639,,0.664,-0.129462207454463,0.0553849474882608,0,1000,0.677996069159629,0.0151881203577006,-0.947244091846612
Hybrid,C,mean,2,36,20261039,0.0999999999999996,0.624,,0.676,-0.127767203887048,0.0592920571644969,0,1000,0.677996069159629,0.015317441039547,-0.135092553259876
Hybrid,D,step,0,37,20261040,0.0043029764811413,0.681,,0.734,-0.132718582038716,0.0530149763673465,0,1000,0.717125230858013,0.0147390298188178,1.18479505390621
Hybrid,D,step,1,38,20261041,0.0999999999999991,0.083,,0.068,-0.0276045184673146,0.0575708408147924,0,1000,0.0500000000000001,0.00872416185085995,2.61171450039603
Hybrid,D,step,2,39,20261042,0.0999999999999991,0.072,,0.048,-0.026541080842092,0.0571423395872589,0,1000,0.0500000000000001,0.00817410545564467,-0.290190500044015
Hybrid,D,graded,0,40,20261043,0.0043029764811413,0.673,,0.735,-0.131897037013412,0.0554540628668455,0,1000,0.717125230858013,0.0148347901906296,1.25500609169507
Hybrid,D,graded,1,41,20261044,0.0346291056706903,0.468,,0.49,-0.106676360931851,0.0559901049114192,0,1000,0.495545081672994,0.0157789733506334,-0.350715679057896
Hybrid,D,graded,2,42,20261045,0.0561960167963757,0.36,,0.331,-0.0903634403132094,0.0569808679776552,0,1000,0.30739555504654,0.0151789327688082,1.61771630888367
Hybrid,D,mean,0,43,20261046,0.0999999999999996,0.668,,0.696,-0.132417424585068,0.0563741326274902,0,1000,0.677996069159629,0.0148921455808087,1.21849334438468
Hybrid,D,mean,1,44,20261047,0.0999999999999996,0.656,,0.688,-0.132424802375875,0.0552455781394672,0,1000,0.677996069159629,0.0150221170279026,0.677058985326853
Hybrid,D,mean,2,45,20261048,0.0999999999999996,0.61,,0.68,-0.129658385433383,0.0578675225635655,0,1000,0.677996069159629,0.0154240072614091,0.135624626269036
CO,mix,step,0,46,20261049,0.00430297648113788,0.742,0.742,0.621,-0.129542583655801,0.0484945659796468,0,1000,0.621824937102138,0.0138360398958662,-0.0537948035085496
CO,mix,step,1,47,20261050,0.00430297648113986,0.343,0.343,0.197,-0.0788944652832549,0.0486102708406629,0,1000,0.193155886408742,0.0150116954405557,0.307926751925457
CO,mix,step,2,48,20261051,0.00430297648113986,0.37,0.37,0.181,-0.0811551835107571,0.0483049766296642,0,1000,0.183632375292018,0.0152676127799994,-0.214995957065487
CO,mix,graded,0,49,20261052,0.00430297648113788,0.746,0.746,0.611,-0.130861578436522,0.0482799351856346,0,1000,0.621824937102138,0.0137653187394989,-0.705902744455259
CO,mix,graded,1,50,20261053,0.00430297648113986,0.716,0.716,0.586,-0.126103081711225,0.0474963634187527,0,1000,0.580568906444609,0.0142598737722323,0.348040742341757
CO,mix,graded,2,51,20261054,0.00430297648113986,0.678,0.678,0.464,-0.122194686717333,0.0494439901452465,0,1000,0.497161525820967,0.0147755202954075,-2.09735284236093
CO,mix,mean,0,52,20261055,0.0999999999999996,0.74,0.74,0.582,-0.13263134135899,0.0504992409087788,0,1000,0.590346869557874,0.0138708327075198,-0.536737396482881
CO,mix,mean,1,53,20261056,0.0999999999999996,0.737,0.737,0.558,-0.130364638370848,0.0487700974477549,0,1000,0.5748627370277,0.0139223202089307,-1.07865212160572
CO,mix,mean,2,54,20261057,0.0999999999999996,0.723,0.723,0.534,-0.13011574362731,0.0503866307871654,0,1000,0.54780006105435,0.0141517136771488,-0.876808436703064
CO,A,step,0,55,20261058,0.00430297648113788,0.747,,0.814,-0.13189290073409,0.0476715599803949,0,1000,0.816539544217962,0.0137473997541353,-0.207489409149602
CO,A,step,1,56,20261059,0.0999999999999991,0.059,,0.046,-0.0279159304640588,0.0484731355729335,0,1000,0.0500000000000001,0.00745110730026082,-0.58038100008802
CO,A,step,2,57,20261060,0.0999999999999991,0.056,,0.061,-0.0250203335033984,0.0486821963429807,0,1000,0.0500000000000001,0.00727076337120113,1.59604775024201
CO,A,graded,0,58,20261061,0.00430297648113788,0.729,,0.804,-0.129156082119793,0.0457007643362975,0,1000,0.816539544217962,0.014055568291606,-1.02452345676359
CO,A,graded,1,59,20261062,0.0129882573110185,0.708,,0.77,-0.12467229673056,0.0447164353285153,0,1000,0.76944602065251,0.0143783170086071,0.0415928025288506
CO,A,graded,2,60,20261063,0.0298575740018734,0.572,,0.672,-0.111512509980187,0.044539342729352,0,1000,0.643537891640896,0.0156465970741245,1.87920136975073
CO,A,mean,0,61,20261064,0.0999999999999996,0.736,,0.769,-0.130603526703774,0.046863410853803,0,1000,0.771474314098611,0.0139392969693597,-0.186348792811416
CO,A,mean,1,62,20261065,0.0999999999999996,0.725,,0.78,-0.129207482601295,0.0490346624588925,0,1000,0.771474314098611,0.0141200212464429,0.64209765304466
CO,A,mean,2,63,20261066,0.0999999999999996,0.691,,0.764,-0.129191805176326,0.0491022728439651,0,1000,0.771474314098611,0.0146122893483533,-0.562915359109632
CO,B,step,0,64,20261067,0.00430297648113986,0.792,,0.817,-0.132394845461717,0.0443420552359286,0,1000,0.816539544217962,0.0128349522788361,0.0376208051345969
CO,B,step,1,65,20261068,0.00430297648113986,0.762,,0.811,-0.13004723732343,0.0462682113999544,0,1000,0.816539544217962,0.0134668481835952,-0.452599623433791
CO,B,step,2,66,20261069,0.00430297648113986,0.799,,0.839,-0.133577147262898,0.045983039946637,0,1000,0.816539544217962,0.0126727660753286,1.83509570988539
CO,B,graded,0,67,20261070,0.00430297648113986,0.792,,0.832,-0.132403240258227,0.0465677666217792,0,1000,0.816539544217962,0.0128349522788361,1.26317187655559
CO,B,graded,1,68,20261071,0.00430297648113986,0.787,,0.816,-0.130946738845759,0.0450894296491672,0,1000,0.816539544217962,0.0129472390879291,-0.0440825996268026
CO,B,graded,2,69,20261072,0.00430297648113986,0.806,,0.83,-0.133653386287074,0.0457782406553015,0,1000,0.816539544217962,0.0125045591685593,1.09976506703279
CO,B,mean,0,70,20261073,0.0999999999999996,0.77,,0.766,-0.131434782159596,0.0480850921562653,0,1000,0.771474314098611,0.0133078923951165,-0.412288732590345
CO,B,mean,1,71,20261074,0.0999999999999996,0.778,,0.792,-0.131503788370725,0.0479125186308302,0,1000,0.771474314098611,0.0131421459434904,1.54585741216038
CO,B,mean,2,72,20261075,0.0999999999999996,0.758,,0.769,-0.129252962674653,0.0465600302325067,0,1000,0.771474314098611,0.0135438546950268,-0.186348792811416
