design,path,n_on,n_off,switches,balance,pb_occasion,expectancy_confound,cross_factor,sum_a2,sum_ae,a_A_a,var_cs,var_sep
Hybrid,1,5,3,4,17.4933333333333,3.86666666666667,3.2,19.5733333333333,0.533333333333333,0.2,0.383627580353049,44.1333333333334,110.902190423838
Hybrid,2,5,3,3,17.4933333333333,3.86666666666667,3.2,19.5733333333333,0.533333333333333,0.2,0.449179193364476,44.1333333333334,126.468131398678
Hybrid,3,4,4,4,16.4,4.375,5,19.25,0.5,0.25,0.360978653351117,45.025,107.309857911255
Hybrid,4,4,4,3,16.4,4.375,5,19.25,0.5,0.25,0.442633506648883,45.025,126.794190088745
"Hybrid, blinded",1,5,3,4,17.4933333333333,2.66666666666667,2.46519032881566e-31,18.1333333333333,0.533333333333333,5.55111512312578e-17,0.383627580353049,38.2933333333333,98.5922881507336
"Hybrid, blinded",2,5,3,3,17.4933333333333,2.66666666666667,2.46519032881566e-31,18.1333333333333,0.533333333333333,5.55111512312578e-17,0.449179193364476,38.2933333333333,115.43905269467
"Hybrid, blinded",3,4,4,4,16.4,2.5,0,17,0.5,0,0.360978653351117,35.9,92.771513911237
"Hybrid, blinded",4,4,4,3,16.4,2.5,0,17,0.5,0,0.442633506648883,35.9,113.756811208763
OL+BDC,1,6,2,2,21.8666666666667,5,8.88888888888889,24.6666666666667,0.666666666666667,0.333333333333333,0.648684533132675,60.4222222222222,183.906267616361
OL+BDC,2,5,3,2,17.4933333333333,5.06666666666667,12.8,21.0133333333333,0.533333333333333,0.4,0.664101186277503,56.3733333333334,192.727911826384
CO,1,4,4,2,16.4,2.5,0,17,0.5,0,0.828194018090463,35.9,212.845862649249
CO,2,4,4,1,16.4,2.5,0,17,0.5,0,0.828194018090463,35.9,212.845862649249
"CO, open-label first period",1,4,4,2,16.4,6.25,20,21.5,0.5,0.5,0.828194018090463,64.15,262.708940377032
"CO, open-label first period",2,4,4,1,16.4,6.25,20,21.5,0.5,-0.5,0.828194018090463,64.15,262.708940377032
ABAB (2 crossovers),1,4,4,4,16.4,2.5,0,17,0.5,0,0.352403783642472,35.9,90.5677723961153
ABAB (2 crossovers),2,4,4,3,16.4,2.5,0,17,0.5,0,0.352403783642472,35.9,90.5677723961153
"ABAB, active first only",1,4,4,4,16.4,2.5,0,17,0.5,0,0.352403783642472,35.9,90.5677723961153
Alternating every visit,1,4,4,8,16.4,2.5,0,17,0.5,0,0.164562794551967,35.9,42.2926381998554
Alternating every visit,2,4,4,7,16.4,2.5,0,17,0.5,0,0.164562794551967,35.9,42.2926381998554
"Hybrid timing, ABAB blocks",1,4,4,4,16.4,2.5,0,17,0.5,0,0.298620948647117,35.9,76.745583802309
"Hybrid timing, ABAB blocks",2,4,4,3,16.4,2.5,0,17,0.5,0,0.298620948647117,35.9,76.745583802309
