gap,variant,mean,sd,resid_var,ncp,power
0,E9,-7.43375967247915e-18,0.0531465890550815,44.6578628380383,-1.41945053831977e-16,0.05
0.01,E9,-0.0013019485613143,0.0531463510378336,44.6574628380383,-0.0248603660084515,0.0500688229127267
0.02,E9,-0.00260389712262859,0.0531456369796938,44.6562628380383,-0.0497214000584474,0.0502753347604044
0.03,E9,-0.00390584568394289,0.0531444468614737,44.6542628380383,-0.0745837702812935,0.0506196646638924
0.04,E9,-0.00520779424525718,0.0531427806511895,44.6514628380383,-0.099448144987845,0.0511020271133954
0.05,E9,-0.00650974280657146,0.0531406383040581,44.6478628380383,-0.124315192758353,0.0517227209113035
0.06,E9,-0.00781169136788576,0.0531380197624908,44.6434628380383,-0.149185582532395,0.0524821276883852
0.07,E9,-0.00911363992920006,0.0531349249560854,44.6382628380383,-0.174059983698915,0.0533807100044231
0.08,E9,-0.0104155884905143,0.0531313538016174,44.6322628380383,-0.198939066186409,0.0544190090345388
0.09,E9,-0.0117175370518286,0.053127306203028,44.6254628380383,-0.223823500553279,0.0555976418474846
0.1,E9,-0.0130194856131429,0.0531227820514117,44.6178628380383,-0.248713958078382,0.0569172982814367
0.11,E9,-0.0143214341744572,0.0531177812250015,44.6094628380383,-0.273611110851808,0.0583787374225735
0.12,E9,-0.0156233827357715,0.0531123035891525,44.6002628380383,-0.298515631865915,0.059982783697485
0.13,E9,-0.0169253312970858,0.0531063489963236,44.5902628380383,-0.323428195106642,0.0617303225861192
0.14,E9,-0.0182272798584001,0.0530999172860578,44.5794628380383,-0.34834947564514,0.0636222959655199
0.15,E9,-0.0195292284197144,0.0530930082849605,44.5678628380383,-0.373280149729746,0.065659697095479
0.16,E9,-0.0208311769810287,0.0530856218066759,44.5554628380383,-0.398220894878327,0.0678435652572294
0.17,E9,-0.022133125542343,0.0530777576518622,44.5422628380383,-0.42317238997102,0.0701749800578595
0.18,E9,-0.0234350741036572,0.053069415608164,44.5282628380383,-0.448135315343414,0.0726550554143731
0.19,E9,-0.0247370226649715,0.0530605954501842,44.5134628380383,-0.473110352880186,0.0752849332318837
0.2,E9,-0.0260389712262858,0.053051296939453,44.4978628380383,-0.498098186109229,0.0780657767912084
0.21,E9,-0.0273409197876001,0.0530415198243958,44.4814628380383,-0.523099500296302,0.080998763862456
0.22,E9,-0.0286428683489144,0.0530312638402986,44.4642628380383,-0.548114982540237,0.0840850795619168
0.23,E9,-0.0299448169102287,0.0530205287092726,44.4462628380383,-0.573145321868728,0.0873259089705261
0.24,E9,-0.031246765471543,0.0530093141402157,44.4274628380383,-0.598191209334732,0.0907224295330616
0.25,E9,-0.0325487140328573,0.0529976198287734,44.4078628380383,-0.623253338113525,0.0942758032582249
0.26,E9,-0.0338506625941716,0.0529854454572966,44.3874628380383,-0.648332403600433,0.0979871687406085
0.27,E9,-0.0351526111554859,0.0529727906947987,44.3662628380383,-0.673429103509278,0.10185763302634
0.28,E9,-0.0364545597168002,0.05295965519691,44.3442628380383,-0.698544137971571,0.1058882633451
0.29,E9,-0.0377565082781145,0.0529460386058304,44.3214628380383,-0.72367820963648,0.110080078731904
0.3,E9,-0.0390584568394287,0.0529319405502803,44.2978628380383,-0.74883202377162,0.114434041562939
0.31,E9,-0.040360405400743,0.0529173606454495,44.2734628380383,-0.774006288364681,0.118951049030365
0.32,E9,-0.0416623539620573,0.0529022984929443,44.2482628380383,-0.799201714225947,0.12363192458167
0.33,E9,-0.0429643025233716,0.0528867536807321,44.2222628380383,-0.824419015091729,0.12847740934993
0.34,E9,-0.0442662510846859,0.0528707257830846,44.1954628380383,-0.849658907728756,0.133488153601727
0.35,E9,-0.0455681996460002,0.0528542143605186,44.1678628380383,-0.874922112039555,0.138664708230184
0.36,E9,-0.0468701482073145,0.0528372189597355,44.1394628380383,-0.900209351168861,0.144007516320835
0.37,E9,-0.0481720967686288,0.0528197391135572,44.1102628380383,-0.925521351611092,0.149516904818694
0.38,E9,-0.0494740453299431,0.0528017743408619,44.0802628380383,-0.950858843318926,0.155193076324885
0.39,E9,-0.0507759938912574,0.0527833241465162,44.0494628380383,-0.976222559813032,0.161036101051776
0.4,E9,-0.0520779424525717,0.052764388021306,44.0178628380383,-1.00161323829297,0.167045908965434
0.41,E9,-0.053379891013886,0.0527449654418649,43.9854628380383,-1.02703161974934,0.173222282144498
0.42,E9,-0.0546818395752002,0.0527250558706006,43.9522628380383,-1.05247844907715,0.179564847384425
0.43,E9,-0.0559837881365145,0.0527046587556187,43.9182628380383,-1.07795447519055,0.186073069075997
0.44,E9,-0.0572857366978288,0.0526837735306453,43.8834628380383,-1.10346045113887,0.19274624238681
0.45,E9,-0.0585876852591431,0.0526623996149461,43.8478628380383,-1.12899713422409,0.199583486774024
0.46,E9,-0.0598896338204574,0.0526405364132439,43.8114628380383,-1.15456528611972,0.20658373985642
0.47,E9,-0.0611915823817717,0.0526181833156343,43.7742628380383,-1.18016567299114,0.213745751673085
0.48,E9,-0.062493530943086,0.0525953396974976,43.7362628380383,-1.20579906561756,0.221068079355546
0.49,E9,-0.0637954795044003,0.0525720049194101,43.6974628380383,-1.23146623951547,0.228549082239362
0.5,E9,-0.0650974280657146,0.0525481783270518,43.6578628380383,-1.25716797506376,0.236186917440327
0.51,E9,-0.0663993766270288,0.0525238592511121,43.6174628380383,-1.28290505763048,0.243979535919451
0.52,E9,-0.0677013251883431,0.0524990470071931,43.5762628380383,-1.30867827770138,0.251924679059773
0.53,E9,-0.0690032737496575,0.0524737408957105,43.5342628380383,-1.33448843101019,0.260019875776887
0.54,E9,-0.0703052223109717,0.0524479402017913,43.4914628380383,-1.3603363186707,0.268262440183701
0.55,E9,-0.071607170872286,0.0524216441951704,43.4478628380383,-1.38622274731083,0.276649469828446
0.56,E9,-0.0729091194336003,0.0523948521300829,43.4034628380383,-1.41214852920852,0.285177844523571
0.57,E9,-0.0742110679949146,0.0523675632451549,43.3582628380383,-1.43811448242966,0.293844225781256
0.58,E9,-0.0755130165562289,0.0523397767632915,43.3122628380383,-1.46412143096813,0.302645056869715
0.59,E9,-0.0768149651175432,0.0523114918915616,43.2654628380383,-1.49017020488784,0.311576563502469
0.6,E9,-0.0781169136788575,0.0522827078210806,43.2178628380383,-1.51626164046704,0.320634755170833
0.61,E9,-0.0794188622401718,0.0522534237268899,43.1694628380383,-1.54239658034484,0.329815427127814
0.62,E9,-0.0807208108014861,0.0522236387678334,43.1202628380383,-1.56857587366997,0.339114163029452
0.63,E9,-0.0820227593628004,0.052193352086432,43.0702628380383,-1.59480037625197,0.348526338237428
0.64,E9,-0.0833247079241147,0.0521625628087538,43.0194628380383,-1.62107095071481,0.35804712378449
0.65,E9,-0.0846266564854289,0.0521312700442831,42.9678628380383,-1.64738846665294,0.367671491001829
0.66,E9,-0.0859286050467432,0.0520994728857844,42.9154628380383,-1.67375380078998,0.37739421680523
0.67,E9,-0.0872305536080575,0.0520671704091652,42.8622628380383,-1.70016783714,0.387209889634272
0.68,E9,-0.0885325021693718,0.0520343616733342,42.8082628380383,-1.72663146717155,0.397112916036444
0.69,E9,-0.0898344507306861,0.0520010457200574,42.7534628380383,-1.75314558997445,0.407097527885501
0.7,E9,-0.0911363992920004,0.0519672215738102,42.6978628380383,-1.77971111242943,0.417157790220878
0.71,E9,-0.0924383478533147,0.051932888241627,42.6414628380383,-1.80632894938077,0.427287609692427
0.72,E9,-0.0937402964146289,0.0518980447129464,42.5842628380383,-1.83300002381188,0.43748074359231
0.73,E9,-0.0950422449759433,0.0518626899594545,42.5262628380383,-1.85972526702411,0.447730809453326
0.74,E9,-0.0963441935372575,0.0518268229349229,42.4674628380383,-1.88650561881861,0.458031295190492
0.75,E9,-0.0976461420985718,0.0517904425750451,42.4078628380383,-1.91334202768159,0.468375569760416
0.76,E9,-0.0989480906598861,0.0517535477972678,42.3474628380383,-1.94023545097287,0.478756894310445
0.77,E9,-0.1002500392212,0.0517161375006193,42.2862628380383,-1.96718685511797,0.489168433787562
0.78,E9,-0.101551987782515,0.0516782105655341,42.2242628380383,-1.99419721580371,0.499603268974581
0.79,E9,-0.102853936343829,0.0516397658536737,42.1614628380383,-2.02126751817746,0.510054408919284
0.8,E9,-0.104155884905143,0.0516008022077433,42.0978628380383,-2.0483987570502,0.520514803720047
0.81,E9,-0.105457833466458,0.051561318451305,42.0334628380383,-2.07559193710338,0.530977357629759
0.82,E9,-0.106759782027772,0.0515213133885868,41.9682628380383,-2.10284807309984,0.541434942437974
0.83,E9,-0.108061730589086,0.0514807858042872,41.9022628380383,-2.13016819009869,0.551880411089857
0.84,E9,-0.1093636791504,0.0514397344633764,41.8354628380383,-2.1575533236745,0.56230661149885
0.85,E9,-0.110665627711715,0.0513981581108923,41.7678628380383,-2.18500452014069,0.572706400508893
0.86,E9,-0.111967576273029,0.0513560554717332,41.6994628380383,-2.21252283677746,0.583072657960897
0.87,E9,-0.113269524834343,0.0513134252504452,41.6302628380383,-2.24010934206417,0.593398300817229
0.88,E9,-0.114571473395658,0.0512702661310058,41.5602628380383,-2.26776511591646,0.603676297297364
0.89,E9,-0.115873421956972,0.0512265767766024,41.4894628380383,-2.29549124992813,0.613899680977199
0.9,E9,-0.117175370518286,0.0511823558294062,41.4178628380383,-2.32328884761801,0.624061564804417
0.91,E9,-0.118477319079601,0.051137601910342,41.3454628380383,-2.35115902468189,0.634155154981953
0.92,E9,-0.119779267640915,0.0510923136188519,41.2722628380383,-2.37910290924962,0.644173764671977
0.93,E9,-0.121081216202229,0.051046489532655,41.1982628380383,-2.40712164214768,0.6541108274729
0.94,E9,-0.122383164763543,0.051000128207502,41.1234628380383,-2.43521637716715,0.663959910622658
0.95,E9,-0.123685113324858,0.0509532281769239,41.0478628380383,-2.46338828133745,0.673714727882117
0.96,E9,-0.124987061886172,0.0509057879519759,40.9714628380383,-2.49163853520586,0.683369152053553
0.97,E9,-0.126289010447486,0.0508578060209762,40.8942628380383,-2.51996833312306,0.69291722709023
0.98,E9,-0.127590959008801,0.0508092808492385,40.8162628380383,-2.54837888353483,0.702353179754605
0.99,E9,-0.128892907570115,0.0507602108787994,40.7374628380383,-2.57687140928004,0.711671430784189
1,E9,-0.130194856131429,0.05071059452814,40.6578628380383,-2.60544714789532,0.720866605525959
0,E9b,-0.0293868389553797,0.0570695738735958,51.4916892176771,-0.522570655068083,0.0809351574424601
0.01,E9b,-0.0303949191271402,0.0570616676310891,51.4774680225751,-0.540571466807972,0.0831383623745991
0.02,E9b,-0.0314029992989007,0.057053494698963,51.4627672127791,-0.558579865329828,0.0854214056216506
0.03,E9b,-0.0324110794706612,0.0570450549625906,51.4475867882894,-0.576596107856455,0.0877847278144027
0.04,E9b,-0.0334191596424217,0.0570363483035338,51.4319267491057,-0.594620452164729,0.0902287666709041
0.05,E9b,-0.0344272398141822,0.0570273745995352,51.4157870952281,-0.612653156604368,0.0927539554804663
0.06,E9b,-0.0354353199859427,0.0570181337245097,51.3991678266567,-0.630694480116795,0.0953607215633404
0.07,E9b,-0.0364434001577032,0.0570086255485351,51.3820689433914,-0.6487446822541,0.0980494847082132
0.08,E9b,-0.0374514803294637,0.0569988499378432,51.3644904454322,-0.666804023198105,0.100820655589804
0.09,E9b,-0.0384595605012242,0.0569888067548101,51.3464323327792,-0.684872763779536,0.103674634168802
0.1,E9b,-0.0394676406729846,0.056978495857947,51.3278946054322,-0.702951165497294,0.106611808076559
0.11,E9b,-0.0404757208447451,0.0569679171018893,51.3088772633914,-0.72103949053785,0.109632550986939
0.12,E9b,-0.0414838010165056,0.0569570703373869,51.2893803066567,-0.739138001794747,0.11273722097775
0.13,E9b,-0.0424918811882661,0.0569459554112933,51.2694037352281,-0.757246962888226,0.115926158884325
0.14,E9b,-0.0434999613600266,0.0569345721665548,51.2489475491057,-0.775366638184968,0.119199686647791
0.15,E9b,-0.0445080415317871,0.056922920442199,51.2280117482893,-0.793497292817964,0.122558105660639
0.16,E9b,-0.0455161217035476,0.0569110000733238,51.2065963327791,-0.811639192706521,0.126001695112247
0.17,E9b,-0.0465242018753081,0.0568988108910851,51.1847013025751,-0.829792604576392,0.129530710337087
0.18,E9b,-0.0475322820470686,0.0568863527226849,51.1623266576771,-0.847957795980042,0.133145381168255
0.19,E9b,-0.0485403622188291,0.056873625391359,51.1394723980853,-0.866135035317065,0.136845910299241
0.2,E9b,-0.0495484423905896,0.0568606287163641,51.1161385237996,-0.884324591854733,0.140632471656575
0.21,E9b,-0.0505565225623501,0.0568473625129649,51.09232503482,-0.9025267357487,0.144505208786279
0.22,E9b,-0.0515646027341106,0.0568338265924206,51.0680319311465,-0.920741738063853,0.148464233256952
0.23,E9b,-0.0525726829058711,0.0568200207619717,51.0432592127791,-0.938969870795323,0.152509623082321
0.24,E9b,-0.0535807630776316,0.0568059448248253,51.0180068797179,-0.957211406889652,0.156641421166191
0.25,E9b,-0.0545888432493921,0.0567915985801419,50.9922749319628,-0.975466620266126,0.160859633772628
0.26,E9b,-0.0555969234211526,0.0567769818230196,50.9660633695138,-0.993735785838271,0.165164229024351
0.27,E9b,-0.0566050035929131,0.0567620943444803,50.939372192371,-1.01201917953553,0.169555135432153
0.28,E9b,-0.0576130837646735,0.0567469359314538,50.9122014005343,-1.03031707832509,0.174032240458325
0.29,E9b,-0.058621163936434,0.0567315063667626,50.8845509940036,-1.04862976023395,0.178595389116918
0.3,E9b,-0.0596292441081945,0.0567158054291059,50.8564209727792,-1.06695750437107,0.183244382613753
0.31,E9b,-0.060637324279955,0.0566998328930431,50.8278113368608,-1.08530059094982,0.187978977029037
0.32,E9b,-0.0616454044517155,0.056683588528978,50.7987220862485,-1.10365930131056,0.192798882045408
0.33,E9b,-0.062653484623476,0.0566670721031414,50.7691532209424,-1.1220339179434,0.197703759724227
0.34,E9b,-0.0636615647952365,0.0566502833775739,50.7391047409424,-1.14042472451124,0.202693223332895
0.35,E9b,-0.064669644966997,0.0566332221101084,50.7085766462485,-1.15883200587291,0.20776683622593
0.36,E9b,-0.0656777251387575,0.0566158880543526,50.6775689368608,-1.17725604810661,0.212924110782464
0.37,E9b,-0.066685805310518,0.0565982809596702,50.6460816127791,-1.19569713853355,0.218164507402826
0.38,E9b,-0.0676938854822785,0.0565804005711624,50.6141146740036,-1.21415556574175,0.223487433566787
0.39,E9b,-0.068701965654039,0.0565622466296493,50.5816681205342,-1.23263161961011,0.228892242955954
0.4,E9b,-0.0697100458257995,0.0565438188716506,50.548741952371,-1.25112559133276,0.234378234642786
0.41,E9b,-0.07071812599756,0.0565251170293652,50.5153361695138,-1.26963777344355,0.23994465234858
0.42,E9b,-0.0717262061693205,0.0565061408306522,50.4814507719628,-1.2881684598408,0.245590683772739
0.43,E9b,-0.0727342863410809,0.0564868899990097,50.4470857597179,-1.30671794581238,0.251315459995468
0.44,E9b,-0.0737423665128415,0.0564673642535544,50.4122411327791,-1.32528652806094,0.257118054956073
0.45,E9b,-0.074750446684602,0.0564475633090007,50.3769168911465,-1.34387450472945,0.26299748500882
0.46,E9b,-0.0757585268563624,0.0564274868756383,50.34111303482,-1.36248217542695,0.268952708558236
0.47,E9b,-0.0767666070281229,0.0564071346593114,50.3048295637996,-1.38110984125467,0.274982625775725
0.48,E9b,-0.0777746871998834,0.0563865063613956,50.2680664780853,-1.39975780483226,0.281086078399056
0.49,E9b,-0.0787827673716439,0.0563656016787755,50.2308237776771,-1.4184263703245,0.287261849616369
0.5,E9b,-0.0797908475434044,0.0563444203038217,50.1931014625751,-1.4371158434681,0.293508664036053
0.51,E9b,-0.0807989277151649,0.0563229619243671,50.1548995327791,-1.4558265315989,0.299825187743819
0.52,E9b,-0.0818070078869254,0.0563012262236832,50.1162179882894,-1.47455874367938,0.306210028448094
0.53,E9b,-0.0828150880586859,0.0562792128804558,50.0770568291057,-1.49331279032635,0.312661735714786
0.54,E9b,-0.0838231682304464,0.0562569215687601,50.0374160552281,-1.51208898383912,0.319178801292174
0.55,E9b,-0.0848312484022069,0.0562343519580358,49.9972956666567,-1.53088763822784,0.325759659526775
0.56,E9b,-0.0858393285739674,0.0562115037130616,49.9566956633914,-1.5497090692422,0.332402687870607
0.57,E9b,-0.0868474087457279,0.0561883764939287,49.9156160454322,-1.56855359440052,0.339106207480286
0.58,E9b,-0.0878554889174884,0.0561649699560151,49.8740568127791,-1.58742153301909,0.345868483908217
0.59,E9b,-0.0888635690892488,0.0561412837499583,49.8320179654322,-1.60631320624188,0.352687727885859
0.6,E9b,-0.0898716492610094,0.0561173175216283,49.7894995033914,-1.62522893707064,0.359562096199001
0.61,E9b,-0.0908797294327698,0.0560930709120995,49.7465014266567,-1.64416905039525,0.366489692654761
0.62,E9b,-0.0918878096045303,0.056068543557623,49.7030237352281,-1.66313387302455,0.373468569139803
0.63,E9b,-0.0928958897762908,0.0560437350895973,49.6590664291057,-1.68212373371746,0.380496726769197
0.64,E9b,-0.0939039699480514,0.0560186451345399,49.6146295082894,-1.7011389632145,0.387572117125027
0.65,E9b,-0.0949120501198118,0.0559932733140573,49.5697129727792,-1.72017989426968,0.394692643583805
0.66,E9b,-0.0959201302915723,0.055967619244815,49.5243168225751,-1.73924686168282,0.401856162731487
0.67,E9b,-0.0969282104633328,0.0559416825385071,49.4784410576771,-1.75834020233222,0.40906048586473
0.68,E9b,-0.0979362906350933,0.0559154628018252,49.4320856780853,-1.77746025520775,0.41630338057684
0.69,E9b,-0.0989443708068538,0.0558889596364268,49.3852506837996,-1.79660736144439,0.423582572426678
0.7,E9b,-0.0999524509786143,0.0558621726389034,49.33793607482,-1.81578186435611,0.430895746688676
0.71,E9b,-0.100960531150375,0.055835101400748,49.2901418511465,-1.8349841094703,0.438240550181784
0.72,E9b,-0.101968611322135,0.0558077455083219,49.2418680127791,-1.85421444456251,0.44561459317518
0.73,E9b,-0.102976691493896,0.0557801045428216,49.1931145597179,-1.87347321969175,0.453015451368237
0.74,E9b,-0.103984771665656,0.055752178080244,49.1438814919628,-1.89276078723616,0.460440667942206
0.75,E9b,-0.104992851837417,0.0557239656913526,49.0941688095138,-1.91207750192922,0.467887755680769
0.76,E9b,-0.106000932009177,0.0556954669416416,49.043976512371,-1.93142372089635,0.475354199156595
0.77,E9b,-0.107009012180938,0.0556666813913009,48.9933046005342,-1.95079980369209,0.482837456980754
0.78,E9b,-0.108017092352698,0.0556376085951793,48.9421530740036,-1.9702061123377,0.490334964111749
0.79,E9b,-0.109025172524459,0.0556082481027482,48.8905219327791,-1.98964301135931,0.497844134220741
0.8,E9b,-0.110033252696219,0.0555785994580638,48.8384111768608,-2.00911086782653,0.50536236210949
0.81,E9b,-0.11104133286798,0.0555486621997293,48.7858208062485,-2.02861005139165,0.51288702617719
0.82,E9b,-0.11204941303974,0.0555184358608566,48.7327508209424,-2.04814093432933,0.520415490932531
0.83,E9b,-0.113057493211501,0.0554879199690266,48.6792012209424,-2.06770389157686,0.527945109546919
0.84,E9b,-0.114065573383261,0.0554571140462504,48.6251720062485,-2.08729930077493,0.53547322644485
0.85,E9b,-0.115073653555022,0.0554260176089281,48.5706631768608,-2.10692754230903,0.542997179927261
0.86,E9b,-0.116081733726782,0.0553946301678082,48.5156747327791,-2.12658899935138,0.550514304823546
0.87,E9b,-0.117089813898543,0.0553629512279462,48.4602066740036,-2.14628405790347,0.55802193516791
0.88,E9b,-0.118097894070303,0.055330980288662,48.4042590005342,-2.16601310683922,0.565517406895559
0.89,E9b,-0.119105974242064,0.0552987168434975,48.347831712371,-2.18577653794867,0.572998060554245
0.9,E9b,-0.120114054413824,0.0552661603801729,48.2909248095138,-2.20557474598242,0.580461244026516
0.91,E9b,-0.121122134585585,0.0552333103805423,48.2335382919628,-2.2254081286966,0.587904315258043
0.92,E9b,-0.122130214757345,0.0552001663205494,48.1756721597179,-2.24527708689854,0.595324644987323
0.93,E9b,-0.123138294929106,0.0551667276701814,48.1173264127791,-2.26518202449311,0.602719619472024
0.94,E9b,-0.124146375100866,0.0551329938934235,48.0585010511465,-2.28512334852969,0.610086643207164
0.95,E9b,-0.125154455272627,0.0550989644482111,47.99919607482,-2.3051014692499,0.617423141630409
0.96,E9b,-0.126162535444387,0.0550646387863832,47.9394114837996,-2.32511680013597,0.624726563809676
0.97,E9b,-0.127170615616148,0.0550300163536332,47.8791472780853,-2.34516975795985,0.631994385108246
0.98,E9b,-0.128178695787908,0.0549950965894604,47.8184034576771,-2.36526076283307,0.639224109822636
0.99,E9b,-0.129186775959669,0.05495987892712,47.7571800225751,-2.3853902382573,0.646413273788564
1,E9b,-0.130194856131429,0.0549243627935722,47.6954769727791,-2.40555861117574,0.653559446950181
