config,design,t_half,min_eig_M,ceiling
A published construct,OL,0,0.0999999999999996,0.893308457365092
A published construct,OL,0.1,0.0999999999999996,0.893308457365092
A published construct,OL,0.2,0.0999999999999996,0.893308457365092
A published construct,OL,0.5,0.0999999999999996,0.893308457365092
A published construct,OL,1,0.0999999999999996,0.893308457365092
A published construct,OL+BDC,0,0.0999999999999996,0.262143191299883
A published construct,OL+BDC,0.1,0.0999999999999996,0.893308457365092
A published construct,OL+BDC,0.2,0.0999999999999996,0.893308457365092
A published construct,OL+BDC,0.5,0.0999999999999996,0.893308457365092
A published construct,OL+BDC,1,0.0999999999999996,0.893308457365092
A published construct,CO,0,0.0999999999999996,0.255544090763334
A published construct,CO,0.1,0.0999999999999996,0.255544090763334
A published construct,CO,0.2,0.0999999999999996,0.255544090763334
A published construct,CO,0.5,0.0999999999999996,0.255544090763334
A published construct,CO,1,0.0999999999999996,0.255544090763334
A published construct,Hybrid,0,0.0999999999999996,0.255544090763334
A published construct,Hybrid,0.1,0.0999999999999996,0.893308457365092
A published construct,Hybrid,0.2,0.0999999999999996,0.893308457365092
A published construct,Hybrid,0.5,0.0999999999999996,0.893308457365092
A published construct,Hybrid,1,0.0999999999999996,0.893308457365092
B AR(1),OL,0,0.153066255520999,0.575701515913959
B AR(1),OL,0.1,0.153066255520999,0.575701515913959
B AR(1),OL,0.2,0.153066255520999,0.575701515913959
B AR(1),OL,0.5,0.153066255520999,0.575701515913959
B AR(1),OL,1,0.153066255520999,0.575701515913959
B AR(1),OL+BDC,0,0.00977462461717439,0.302546959384472
B AR(1),OL+BDC,0.1,0.00977462461717439,0.594310507807878
B AR(1),OL+BDC,0.2,0.00977462461717439,0.594310507807878
B AR(1),OL+BDC,0.5,0.00977462461717439,0.594310507807878
B AR(1),OL+BDC,1,0.00977462461717439,0.594310507807878
B AR(1),CO,0,0.153066255520999,0.627277558507846
B AR(1),CO,0.1,0.153066255520999,0.575701515913959
B AR(1),CO,0.2,0.153066255520999,0.575701515913959
B AR(1),CO,0.5,0.153066255520999,0.575701515913959
B AR(1),CO,1,0.153066255520999,0.575701515913959
B AR(1),Hybrid,0,0.00963168579960598,0.290585791102112
B AR(1),Hybrid,0.1,0.00963168579960598,0.595427202935596
B AR(1),Hybrid,0.2,0.00963168579960598,0.595427202935596
B AR(1),Hybrid,0.5,0.00963168579960598,0.595427202935596
B AR(1),Hybrid,1,0.00963168579960598,0.595427202935596
"F AR(1) + graded, covar",OL,0,0.153066255520999,0.575701515913959
"F AR(1) + graded, covar",OL,0.1,0.153066255520999,0.575701515913959
"F AR(1) + graded, covar",OL,0.2,0.153066255520999,0.575701515913959
"F AR(1) + graded, covar",OL,0.5,0.153066255520999,0.575701515913959
"F AR(1) + graded, covar",OL,1,0.153066255520999,0.575701515913959
"F AR(1) + graded, covar",OL+BDC,0,0.00977462461717439,0.302546959384472
"F AR(1) + graded, covar",OL+BDC,0.1,0.00977462461717439,0.302898232780122
"F AR(1) + graded, covar",OL+BDC,0.2,0.00977462461717439,0.313971882094868
"F AR(1) + graded, covar",OL+BDC,0.5,0.00977462461717439,0.403680666743652
"F AR(1) + graded, covar",OL+BDC,1,0.00977462461717439,0.516510700753012
"F AR(1) + graded, covar",CO,0,0.153066255520999,0.627277558507846
"F AR(1) + graded, covar",CO,0.1,0.153066255520999,0.627277558507846
"F AR(1) + graded, covar",CO,0.2,0.153066255520999,0.627277558507846
"F AR(1) + graded, covar",CO,0.5,0.153066255520999,0.627277558507846
"F AR(1) + graded, covar",CO,1,0.153066255520999,0.627277558507846
"F AR(1) + graded, covar",Hybrid,0,0.00963168579960598,0.290585791102112
"F AR(1) + graded, covar",Hybrid,0.1,0.00963168579960598,0.290940974474096
"F AR(1) + graded, covar",Hybrid,0.2,0.00963168579960598,0.302043550998783
"F AR(1) + graded, covar",Hybrid,0.5,0.00963168579960598,0.38590440596619
"F AR(1) + graded, covar",Hybrid,1,0.00963168579960598,0.486086289942869
"C AR(1) + graded, separable",OL,0,0.224947782685332,0.566976581493161
"C AR(1) + graded, separable",OL,0.1,0.224947782685332,0.566976581493161
"C AR(1) + graded, separable",OL,0.2,0.224947782685332,0.566976581493161
"C AR(1) + graded, separable",OL,0.5,0.224947782685332,0.566976581493161
"C AR(1) + graded, separable",OL,1,0.224947782685332,0.566976581493161
"C AR(1) + graded, separable",OL+BDC,0,0.0975774441041551,0.468263933173495
"C AR(1) + graded, separable",OL+BDC,0.1,0.0975774441041551,0.468502615525915
"C AR(1) + graded, separable",OL+BDC,0.2,0.0975774441041551,0.475846456650738
"C AR(1) + graded, separable",OL+BDC,0.5,0.0975774441041551,0.526143210062822
"C AR(1) + graded, separable",OL+BDC,1,0.0975774441041551,0.578254613135109
"C AR(1) + graded, separable",CO,0,0.224947782685332,0.636589206523902
"C AR(1) + graded, separable",CO,0.1,0.224947782685332,0.636589206523902
"C AR(1) + graded, separable",CO,0.2,0.224947782685332,0.636589206523902
"C AR(1) + graded, separable",CO,0.5,0.224947782685332,0.636589206523902
"C AR(1) + graded, separable",CO,1,0.224947782685332,0.636589206523902
"C AR(1) + graded, separable",Hybrid,0,0.0974503873774271,0.43995010120701
"C AR(1) + graded, separable",Hybrid,0.1,0.0974503873774271,0.440148077680144
"C AR(1) + graded, separable",Hybrid,0.2,0.0974503873774271,0.446266515330097
"C AR(1) + graded, separable",Hybrid,0.5,0.0974503873774271,0.490934348771769
"C AR(1) + graded, separable",Hybrid,1,0.0974503873774271,0.544428267329003
