design,N,c.bm,carryover_t1half,power,reps,mean_beta,mean_se
OL,35,0,0,0.08,1000,-0.000488023143481728,0.00677897326686788
OL+BDC,35,0,0,0.06,1000,-0.0159607930934106,0.0871318574286322
CO,35,0,0,0.05,1000,-0.00792628492812628,0.0722726518601844
N-of-1,35,0,0,0.05,1000,0.0130559862751649,0.0800275088068615
OL,70,0,0,0.09,1000,-0.000343555516273861,0.00474588516903847
OL+BDC,70,0,0,0.07,1000,-0.00436492274262368,0.0590697019314659
CO,70,0,0,0.06,1000,-0.00676817462455957,0.0507473623028744
N-of-1,70,0,0,0.06,1000,0.00317262616249344,0.0552860763930352
OL,35,0.3,0,0.05,1000,-0.00294838442424193,0.00693898892752271
OL+BDC,35,0.3,0,0.49,1000,-0.165922652486222,0.0810099409482978
CO,35,0.3,0,0.57,1000,-0.151847014760074,0.0739535777797828
N-of-1,35,0.3,0,0.54,1000,-0.161176423072487,0.079181962769355
OL,70,0.3,0,0.13,1000,-0.00381438864829197,0.0048074316920093
OL+BDC,70,0.3,0,0.74,1000,-0.156746041448808,0.0585200528654084
CO,70,0.3,0,0.85,1000,-0.156409298202899,0.0513772485423055
N-of-1,70,0.3,0,0.74,1000,-0.150851720795194,0.0541510331543328
OL,35,0.6,0,0.25,1000,-0.00937042172979235,0.00682631224550169
OL+BDC,35,0.6,0,0.94,1000,-0.293094401302289,0.0826282653351395
CO,35,0.6,0,0.96,1000,-0.281354170662562,0.0712846932874849
N-of-1,35,0.6,0,0.95,1000,-0.268585059432565,0.0765815123600943
OL,70,0.6,0,0.43,1000,-0.00855989642791094,0.00484161493909732
OL+BDC,70,0.6,0,0.99,1000,-0.287627126344323,0.0573918376451038
CO,70,0.6,0,1,1000,-0.28924765800662,0.0490520098750007
N-of-1,70,0.6,0,1,1000,-0.279466179557532,0.0543634930185366
OL,35,0,0.1,0.05,1000,0.000575758031838251,0.00688658704277375
OL+BDC,35,0,0.1,0.08,1000,-0.00353368081065868,0.0852803662734721
CO,35,0,0.1,0.06,1000,0.00377972843717318,0.0745196474287395
N-of-1,35,0,0.1,0.07,1000,0.0102612190641319,0.0796032593439245
OL,70,0,0.1,0.05,1000,0.000287551088089594,0.00482671423224252
OL+BDC,70,0,0.1,0.08,1000,-0.00367442801273305,0.0576563136058465
CO,70,0,0.1,0.05,1000,-0.0017151593184926,0.0514039189858404
N-of-1,70,0,0.1,0.06,1000,-0.000146777642912796,0.0561341286089333
OL,35,0.3,0.1,0.09,1000,-0.00424464525463989,0.00687737670034044
OL+BDC,35,0.3,0.1,0.19,1000,-0.0433987623424193,0.0832073205075077
CO,35,0.3,0.1,0.3,1000,-0.113499622758426,0.0742769083984855
N-of-1,35,0.3,0.1,0.08,1000,-0.0314325571882947,0.0795993358029363
OL,70,0.3,0.1,0.19,1000,-0.00432174879549176,0.00478526731678657
OL+BDC,70,0.3,0.1,0.19,1000,-0.0427506496469733,0.0588527660312156
CO,70,0.3,0.1,0.44,1000,-0.0898518859348223,0.0506830364186873
N-of-1,70,0.3,0.1,0.12,1000,-0.0356808476138223,0.0549940728947471
OL,35,0.6,0.1,0.22,1000,-0.00758062732321339,0.00680543248826507
OL+BDC,35,0.6,0.1,0.26,1000,-0.088171196454917,0.0853070980843786
CO,35,0.6,0.1,0.71,1000,-0.176245997255172,0.0728070556863727
N-of-1,35,0.6,0.1,0.18,1000,-0.0797582054827921,0.0804486263655902
OL,70,0.6,0.1,0.44,1000,-0.00854905525646399,0.00479340914919136
OL+BDC,70,0.6,0.1,0.36,1000,-0.0991944374381822,0.059683717926902
CO,70,0.6,0.1,0.9,1000,-0.169242276875946,0.0507885604673843
N-of-1,70,0.6,0.1,0.22,1000,-0.0654635149841887,0.0548277734772886
OL,35,0,0.2,0.06,1000,2.71415635184877e-05,0.00684127976561436
OL+BDC,35,0,0.2,0.08,1000,0.00178435476850676,0.0846654669630016
CO,35,0,0.2,0.04,1000,-0.0023198657499347,0.0704070965321815
N-of-1,35,0,0.2,0.08,1000,-0.00601797210775869,0.0801391203190172
OL,70,0,0.2,0.07,1000,0.00017013445008419,0.00479319934460157
OL+BDC,70,0,0.2,0.03,1000,-0.00819377902124236,0.0592910018591066
CO,70,0,0.2,0.01,1000,0.000192053161425821,0.0513567600005046
N-of-1,70,0,0.2,0.04,1000,0.000357476156185959,0.05663746787211
OL,35,0.3,0.2,0.15,1000,-0.00289330501578767,0.0070309270696367
OL+BDC,35,0.3,0.2,0.13,1000,-0.0443133228816717,0.0837094748987942
CO,35,0.3,0.2,0.25,1000,-0.103921457591474,0.0723300508994797
N-of-1,35,0.3,0.2,0.07,1000,-0.0257861648615178,0.0800185069805781
OL,70,0.3,0.2,0.22,1000,-0.00520440495694676,0.00484086172974029
OL+BDC,70,0.3,0.2,0.13,1000,-0.045475598799686,0.0592494847191692
CO,70,0.3,0.2,0.46,1000,-0.0952434466592752,0.0506197364211246
N-of-1,70,0.3,0.2,0.1,1000,-0.0363999629886994,0.0560047659091051
OL,35,0.6,0.2,0.24,1000,-0.00805686338859698,0.00695229746959055
OL+BDC,35,0.6,0.2,0.27,1000,-0.0982500626559941,0.0843457813395103
CO,35,0.6,0.2,0.65,1000,-0.171748601011435,0.0731442643585577
N-of-1,35,0.6,0.2,0.23,1000,-0.0775218826318189,0.0801906548620117
OL,70,0.6,0.2,0.52,1000,-0.00877287209924773,0.00464264555097768
OL+BDC,70,0.6,0.2,0.41,1000,-0.0985871538265058,0.0589551584283206
CO,70,0.6,0.2,0.91,1000,-0.176153601815913,0.0508703459564015
N-of-1,70,0.6,0.2,0.33,1000,-0.0808178453587114,0.0552846185586982
