design,rule,t_half,id,seed,form,power_int,mean_b_int,sd_b_int,power_db,mean_b_db,sd_b_db,fails,fits,truth_db_contrast,mcse_int
Hybrid,step,0,1,20261005,linear,0.692,-0.129898408356375,0.0523174936940188,1,-8.1809381017223,0.895489984394715,0,500,7.23327485152877,0.0206463556106156
Hybrid,step,0,1,20261005,spline,0.71,-0.129730603718212,0.0521641723509423,1,-6.16372011176949,0.99168549529398,0,500,7.23327485152877,0.0202928558857545
Hybrid,step,0,1,20261005,visit,0.72,-0.129655609356102,0.0520140848123676,1,-6.15878022789161,1.21937712040321,0,500,7.23327485152877,0.0200798406368178
Hybrid,step,1,2,20261006,linear,0.066,-0.0298888847913558,0.0558641369127828,1,-6.71861429130108,0.822483581329163,0,500,5.33902623896861,0.0111035129576184
Hybrid,step,1,2,20261006,spline,0.092,-0.0299831125192524,0.0558597598034238,0.958,-3.80126993444396,0.928860498709051,0,500,5.33902623896861,0.01292563344676
Hybrid,step,1,2,20261006,visit,0.094,-0.030186725389695,0.0559638903050695,0.888,-4.22276735287815,1.19043890151885,0,500,5.33902623896861,0.0130509769749241
Hybrid,step,2,3,20261007,linear,0.078,-0.0288961292240188,0.0567128837881926,1,-5.52939503085027,0.880748208288915,0,500,3.76913953558978,0.0119929979571415
Hybrid,step,2,3,20261007,spline,0.104,-0.028226477912457,0.0566560558019309,0.504,-2.22363512061197,0.990905583272279,0,500,3.76913953558978,0.013651666564929
Hybrid,step,2,3,20261007,visit,0.104,-0.0285263299144002,0.0571024907845402,0.67,-3.2211364702335,1.20057766939688,0,500,3.76913953558978,0.013651666564929
Hybrid,graded,0,4,20261008,linear,0.636,-0.127890642063632,0.056152681618855,1,-8.15878985088792,0.855677271783651,0,500,7.23327485152877,0.021517620686312
Hybrid,graded,0,4,20261008,spline,0.678,-0.128062918201573,0.0558940568209945,1,-6.02488358251155,0.986248773087337,0,500,7.23327485152877,0.0208957411928843
Hybrid,graded,0,4,20261008,visit,0.69,-0.128219780123195,0.0558043973269962,0.998,-5.98763969460609,1.26941254992598,0,500,7.23327485152877,0.0206833266183175
Hybrid,graded,1,5,20261009,linear,0.444,-0.101901377229736,0.0551756488946601,1,-6.7034996979932,0.840913992755679,0,500,5.33902623896861,0.0222199909990981
Hybrid,graded,1,5,20261009,spline,0.484,-0.101881638068115,0.0548150201107378,0.942,-3.77965929188036,0.937760737391135,0,500,5.33902623896861,0.0223492281745925
Hybrid,graded,1,5,20261009,visit,0.508,-0.101831637881735,0.054914020380693,0.908,-4.27827107222985,1.18819556952484,0,500,5.33902623896861,0.0223578174247846
Hybrid,graded,2,6,20261010,linear,0.344,-0.0890147577306779,0.0532492245359166,1,-5.55668639786914,0.818521248007874,0,500,3.76913953558978,0.0212444816364156
Hybrid,graded,2,6,20261010,spline,0.392,-0.0891592692992262,0.0539822566674166,0.548,-2.32701893952832,0.98038855016987,0,500,3.76913953558978,0.0218328193323721
Hybrid,graded,2,6,20261010,visit,0.406,-0.08924856693448,0.0543910503106669,0.69,-3.32652805343,1.21810918982582,0,500,3.76913953558978,0.0219619671250095
Hybrid,mean,0,7,20261011,linear,0.702,-0.133863178146984,0.0569633411250474,1,-8.14113186498424,0.874964749741253,0,500,7.23327485152877,0.0204546327270865
Hybrid,mean,0,7,20261011,spline,0.718,-0.133684271620484,0.0570862803142251,1,-6.09117975199975,0.966868544027398,0,500,7.23327485152877,0.0201234191925726
Hybrid,mean,0,7,20261011,visit,0.724,-0.133706884890292,0.0572388009133397,0.994,-6.08861427983552,1.24684747778064,0,500,7.23327485152877,0.0199911980631477
Hybrid,mean,1,8,20261012,linear,0.638,-0.130090225827839,0.0566934969681773,1,-6.70947725556888,0.880399873759512,0,500,5.33902623896861,0.0214921380974532
Hybrid,mean,1,8,20261012,spline,0.682,-0.130016276177026,0.0568001629411738,0.936,-3.80992186056728,0.98905604156309,0,500,5.33902623896861,0.0208267136149706
Hybrid,mean,1,8,20261012,visit,0.684,-0.129824850823505,0.0572700598927674,0.904,-4.31649683359636,1.18215342056703,0,500,5.33902623896861,0.020791536739741
Hybrid,mean,2,9,20261013,linear,0.626,-0.132306697887935,0.0572206910656017,1,-5.58873015864494,0.926538615152874,0,500,3.76913953558978,0.0216390387956582
Hybrid,mean,2,9,20261013,spline,0.682,-0.132610255217107,0.0568619149704302,0.504,-2.26927734432218,1.01363454211291,0,500,3.76913953558978,0.0208267136149706
Hybrid,mean,2,9,20261013,visit,0.696,-0.132964537927599,0.0572270876498703,0.684,-3.29101408948656,1.24382734621616,0,500,3.76913953558978,0.0205710476155202
CO,step,0,10,20261014,linear,0.704,-0.130109409002529,0.0511940355821405,1,-6.7900032443515,0.695537512790071,0,500,6.70239998288615,0.0204148965219028
CO,step,0,10,20261014,spline,0.728,-0.130050177182676,0.0492127276351305,1,-6.25261733998854,0.697777084525501,0,500,6.70239998288615,0.0199005527561422
CO,step,0,10,20261014,visit,0.742,-0.130035799325251,0.0489159833707697,1,-6.68949852471556,0.698767976969393,0,500,6.70239998288615,0.0195671152702691
CO,step,1,11,20261015,linear,0.324,-0.0801020185529338,0.0472813684430941,1,-6.57003906222421,0.710126339176227,0,500,6.47022201722552,0.020929596269398
CO,step,1,11,20261015,spline,0.314,-0.0801450805432483,0.0459916465426578,1,-6.02321402998635,0.707046438232658,0,500,6.47022201722552,0.0207559148196364
CO,step,1,11,20261015,visit,0.332,-0.0803609747177196,0.0459694818730453,1,-6.44941913548302,0.723817364484297,0,500,6.47022201722552,0.0210606742532142
CO,step,2,12,20261016,linear,0.326,-0.0763651274781152,0.0498045140652447,1,-6.24437834254817,0.706118827919675,0,500,6.06510896766908,0.0209630150503214
CO,step,2,12,20261016,spline,0.326,-0.0758695604625897,0.0484341044182899,1,-5.68999596147943,0.728855823960005,0,500,6.06510896766908,0.0209630150503214
CO,step,2,12,20261016,visit,0.334,-0.0758161395059269,0.0482602987464794,1,-6.09450524966014,0.735480369948419,0,500,6.06510896766908,0.0210923682880799
CO,graded,0,13,20261017,linear,0.734,-0.131659467532689,0.0487143776256467,1,-6.82333457877421,0.703868360506653,0,500,6.70239998288615,0.0197607692157972
CO,graded,0,13,20261017,spline,0.75,-0.132200328081411,0.0465506443607849,1,-6.28986014328314,0.699854677902902,0,500,6.70239998288615,0.0193649167310371
CO,graded,0,13,20261017,visit,0.772,-0.132264037045077,0.0461685811695609,1,-6.73605715267108,0.695066850062132,0,500,6.70239998288615,0.0187625158227781
CO,graded,1,14,20261018,linear,0.728,-0.129212366055113,0.0456845678532867,1,-6.58986937902849,0.732795588683271,0,500,6.47022201722552,0.0199005527561422
CO,graded,1,14,20261018,spline,0.73,-0.128813543168073,0.0445248812075457,1,-6.05062622838792,0.721994988240078,0,500,6.47022201722552,0.0198544705293292
CO,graded,1,14,20261018,visit,0.736,-0.128848817502229,0.044451629275001,1,-6.48762213740778,0.726839905570235,0,500,6.47022201722552,0.0197131428240146
CO,graded,2,15,20261019,linear,0.66,-0.121402800231799,0.0480825263940448,1,-6.19825552218699,0.674278435182659,0,500,6.06510896766908,0.0211849002829846
CO,graded,2,15,20261019,spline,0.682,-0.121368274272427,0.046653796362861,1,-5.62918852651143,0.677046154757445,0,500,6.06510896766908,0.0208267136149706
CO,graded,2,15,20261019,visit,0.688,-0.121384232556794,0.0468426345002656,1,-6.04470849989373,0.684658271326147,0,500,6.06510896766908,0.02071984555927
CO,mean,0,16,20261020,linear,0.742,-0.134236853417738,0.051588703643763,1,-6.73421320236955,0.743027476514064,0,500,6.70239998288615,0.0195671152702691
CO,mean,0,16,20261020,spline,0.758,-0.13435175209937,0.0501163880779641,1,-6.20644007752143,0.741363210442898,0,500,6.70239998288615,0.0191539029965174
CO,mean,0,16,20261020,visit,0.764,-0.134293257680688,0.0499392476624795,1,-6.6455994212655,0.744756135585657,0,500,6.70239998288615,0.0189896814085966
CO,mean,1,17,20261021,linear,0.736,-0.132836769200719,0.050003762602253,1,-6.5262092617396,0.807059366715637,0,500,6.47022201722552,0.0197131428240146
CO,mean,1,17,20261021,spline,0.754,-0.133364172628518,0.049315653497479,1,-5.97112089041248,0.801907751051575,0,500,6.47022201722552,0.0192605295877346
CO,mean,1,17,20261021,visit,0.756,-0.133352280058347,0.0494270038097671,1,-6.39563265323943,0.800245869716784,0,500,6.47022201722552,0.0192074985357282
CO,mean,2,18,20261022,linear,0.714,-0.128914139550904,0.0492956317893266,1,-6.20108662290152,0.770488647969101,0,500,6.06510896766908,0.0202091068580479
CO,mean,2,18,20261022,spline,0.732,-0.129035977873904,0.0484908892999049,1,-5.65107478394404,0.773555482440665,0,500,6.06510896766908,0.0198078772209442
CO,mean,2,18,20261022,visit,0.744,-0.129114832318643,0.0486730240883093,1,-6.05495831572392,0.775297699085748,0,500,6.06510896766908,0.0195173768729304
