construct,design,t_half,analysis,mean,power,power_adj
C07,CO,0,BL+cs-CR2,linear,0.516,0.504
C07,CO,0,BL+cs-CR2,visit,0.516,0.52
C07,CO,0,BL+cs-KR,linear,0.744,0.54
C07,CO,0,BL+cs-KR,visit,0.74,0.548
C07,CO,0,BL+cs-Satt,linear,0.744,0.54
C07,CO,0,BL+cs-Satt,spline,0.744,0.536
C07,CO,0,BL+cs-Satt,visit,0.74,0.548
C07,CO,0,BL+us-CR2,linear,0.632,0.516
C07,CO,0,BL+us-CR2,visit,0.64,0.596
C07,CO,0,BL+us-KR,linear,0.608,0.492
C07,CO,0,BL+us-KR,spline,0.612,0.58
C07,CO,0,BL+us-KR,visit,0.6,0.58
C07,CO,0,BL+us-Satt,linear,0.652,0.492
C07,CO,0,BL+us-Satt,spline,0.68,0.58
C07,CO,0,BL+us-Satt,visit,0.684,0.58
C07,CO,0,RI+CAR1-CR2,linear,0.688,0.688
C07,CO,0,RI+CAR1-CR2,visit,0.7,0.716
C07,CO,0,RI+CAR1-CR2-Dbc0.5,linear,0.684,0.684
C07,CO,0,RI+CAR1-CR2-Dbc0.5,visit,0.7,0.716
C07,CO,0,RI+CAR1-CR2-Dbc1,linear,0.688,0.68
C07,CO,0,RI+CAR1-CR2-Dbc1,visit,0.688,0.688
C07,CO,0,RI+CAR1-CR2-Dbc2,linear,0.676,0.644
C07,CO,0,RI+CAR1-CR2-Dbc2,visit,0.688,0.676
C07,CO,0,cs-CR2,linear,0.62,0.592
C07,CO,0,cs-CR2,visit,0.62,0.62
C07,CO,0,cs-KR,linear,0.804,0.608
C07,CO,0,cs-KR,visit,0.828,0.656
C07,CO,0,cs-Satt,linear,0.804,0.608
C07,CO,0,cs-Satt,spline,0.812,0.644
C07,CO,0,cs-Satt,visit,0.828,0.656
C07,CO,0,csh-CR2,linear,0.652,0.608
C07,CO,0,csh-CR2,visit,0.652,0.636
C07,CO,0,csh-KR,linear,0.816,0.656
C07,CO,0,csh-KR,visit,0.824,0.68
C07,CO,0,csh-Satt,linear,0.82,0.652
C07,CO,0,csh-Satt,spline,0.824,0.672
C07,CO,0,csh-Satt,visit,0.828,0.68
C07,CO,0,sp_exp-CR2,linear,0.62,0.66
C07,CO,0,sp_exp-CR2,visit,0.648,0.688
C07,CO,0,sp_exp-Satt,linear,0.568,0.636
C07,CO,0,sp_exp-Satt,spline,0.56,0.664
C07,CO,0,sp_exp-Satt,visit,0.58,0.688
C07,CO,0,us-CR2,linear,0.836,0.764
C07,CO,0,us-CR2,visit,0.84,0.764
C07,CO,0,us-CR2-Dbc0.5,linear,0.836,0.772
C07,CO,0,us-CR2-Dbc0.5,visit,0.84,0.764
C07,CO,0,us-CR2-Dbc1,linear,0.836,0.764
C07,CO,0,us-CR2-Dbc1,visit,0.836,0.768
C07,CO,0,us-CR2-Dbc2,linear,0.82,0.76
C07,CO,0,us-CR2-Dbc2,visit,0.812,0.772
C07,CO,0,us-KR,linear,0.808,0.804
C07,CO,0,us-KR,spline,0.804,0.792
C07,CO,0,us-KR,visit,0.8,0.8
C07,CO,0,us-KR-Dbc0.5,linear,0.808,0.796
C07,CO,0,us-KR-Dbc0.5,visit,0.8,0.8
C07,CO,0,us-KR-Dbc1,linear,0.808,0.8
C07,CO,0,us-KR-Dbc1,visit,0.792,0.78
C07,CO,0,us-KR-Dbc2,linear,0.796,0.776
C07,CO,0,us-KR-Dbc2,visit,0.788,0.772
C07,CO,0,us-KR-sepbm,visit,0.592,0.568
C07,CO,0,us-Satt,linear,0.852,0.804
C07,CO,0,us-Satt,spline,0.844,0.792
C07,CO,0,us-Satt,visit,0.844,0.8
C07,CO,1,BL+cs-CR2,linear,0.536,0.524
C07,CO,1,BL+cs-CR2,visit,0.532,0.5
C07,CO,1,BL+cs-KR,linear,0.74,0.548
C07,CO,1,BL+cs-KR,visit,0.752,0.552
C07,CO,1,BL+cs-Satt,linear,0.74,0.548
C07,CO,1,BL+cs-Satt,spline,0.748,0.544
C07,CO,1,BL+cs-Satt,visit,0.752,0.552
C07,CO,1,BL+us-CR2,linear,0.612,0.5
C07,CO,1,BL+us-CR2,visit,0.628,0.5
C07,CO,1,BL+us-KR,linear,0.54,0.52
C07,CO,1,BL+us-KR,spline,0.552,0.568
C07,CO,1,BL+us-KR,visit,0.572,0.544
C07,CO,1,BL+us-Satt,linear,0.62,0.512
C07,CO,1,BL+us-Satt,spline,0.636,0.568
C07,CO,1,BL+us-Satt,visit,0.632,0.544
C07,CO,1,RI+CAR1-CR2,linear,0.724,0.732
C07,CO,1,RI+CAR1-CR2,visit,0.72,0.708
C07,CO,1,RI+CAR1-CR2-Dbc0.5,linear,0.716,0.732
C07,CO,1,RI+CAR1-CR2-Dbc0.5,visit,0.72,0.708
C07,CO,1,RI+CAR1-CR2-Dbc1,linear,0.72,0.712
C07,CO,1,RI+CAR1-CR2-Dbc1,visit,0.724,0.716
C07,CO,1,RI+CAR1-CR2-Dbc2,linear,0.736,0.724
C07,CO,1,RI+CAR1-CR2-Dbc2,visit,0.744,0.732
C07,CO,1,cs-CR2,linear,0.624,0.64
C07,CO,1,cs-CR2,visit,0.64,0.632
C07,CO,1,cs-KR,linear,0.808,0.7
C07,CO,1,cs-KR,visit,0.792,0.676
C07,CO,1,cs-Satt,linear,0.808,0.7
C07,CO,1,cs-Satt,spline,0.792,0.684
C07,CO,1,cs-Satt,visit,0.792,0.676
C07,CO,1,csh-CR2,linear,0.684,0.688
C07,CO,1,csh-CR2,visit,0.676,0.668
C07,CO,1,csh-KR,linear,0.808,0.696
C07,CO,1,csh-KR,visit,0.8,0.696
C07,CO,1,csh-Satt,linear,0.808,0.696
C07,CO,1,csh-Satt,spline,0.804,0.696
C07,CO,1,csh-Satt,visit,0.804,0.696
C07,CO,1,sp_exp-CR2,linear,0.628,0.668
C07,CO,1,sp_exp-CR2,visit,0.652,0.708
C07,CO,1,sp_exp-Satt,linear,0.564,0.652
C07,CO,1,sp_exp-Satt,spline,0.56,0.66
C07,CO,1,sp_exp-Satt,visit,0.556,0.68
C07,CO,1,us-CR2,linear,0.848,0.788
C07,CO,1,us-CR2,visit,0.844,0.82
C07,CO,1,us-CR2-Dbc0.5,linear,0.852,0.784
C07,CO,1,us-CR2-Dbc0.5,visit,0.844,0.824
C07,CO,1,us-CR2-Dbc1,linear,0.844,0.788
C07,CO,1,us-CR2-Dbc1,visit,0.852,0.792
C07,CO,1,us-CR2-Dbc2,linear,0.82,0.768
C07,CO,1,us-CR2-Dbc2,visit,0.84,0.772
C07,CO,1,us-KR,linear,0.796,0.768
C07,CO,1,us-KR,spline,0.788,0.792
C07,CO,1,us-KR,visit,0.788,0.792
C07,CO,1,us-KR-Dbc0.5,linear,0.796,0.776
C07,CO,1,us-KR-Dbc0.5,visit,0.784,0.784
C07,CO,1,us-KR-Dbc1,linear,0.796,0.776
C07,CO,1,us-KR-Dbc1,visit,0.792,0.78
C07,CO,1,us-KR-Dbc2,linear,0.796,0.756
C07,CO,1,us-KR-Dbc2,visit,0.792,0.772
C07,CO,1,us-KR-sepbm,visit,0.528,0.52
C07,CO,1,us-Satt,linear,0.84,0.768
C07,CO,1,us-Satt,spline,0.836,0.792
C07,CO,1,us-Satt,visit,0.844,0.792
C07,Hybrid,0,BL+cs-CR2,linear,0.704,0.76
C07,Hybrid,0,BL+cs-CR2,visit,0.712,0.744
C07,Hybrid,0,BL+cs-KR,linear,0.752,0.744
C07,Hybrid,0,BL+cs-KR,visit,0.764,0.74
C07,Hybrid,0,BL+cs-Satt,linear,0.752,0.744
C07,Hybrid,0,BL+cs-Satt,spline,0.776,0.748
C07,Hybrid,0,BL+cs-Satt,visit,0.764,0.74
C07,Hybrid,0,BL+us-CR2,linear,0.832,0.796
C07,Hybrid,0,BL+us-CR2,visit,0.832,0.792
C07,Hybrid,0,BL+us-KR,linear,0.788,0.784
C07,Hybrid,0,BL+us-KR,spline,0.796,0.772
C07,Hybrid,0,BL+us-KR,visit,0.792,0.78
C07,Hybrid,0,BL+us-Satt,linear,0.828,0.784
C07,Hybrid,0,BL+us-Satt,spline,0.836,0.772
C07,Hybrid,0,BL+us-Satt,visit,0.84,0.78
C07,Hybrid,0,RI+CAR1-CR2,linear,0.916,0.94
C07,Hybrid,0,RI+CAR1-CR2,visit,0.9,0.924
C07,Hybrid,0,RI+CAR1-CR2-Dbc0.5,linear,0.876,0.92
C07,Hybrid,0,RI+CAR1-CR2-Dbc0.5,visit,0.88,0.912
C07,Hybrid,0,RI+CAR1-CR2-Dbc1,linear,0.868,0.876
C07,Hybrid,0,RI+CAR1-CR2-Dbc1,visit,0.868,0.88
C07,Hybrid,0,RI+CAR1-CR2-Dbc2,linear,0.836,0.876
C07,Hybrid,0,RI+CAR1-CR2-Dbc2,visit,0.832,0.88
C07,Hybrid,0,cs-CR2,linear,0.816,0.828
C07,Hybrid,0,cs-CR2,visit,0.816,0.82
C07,Hybrid,0,cs-KR,linear,0.84,0.844
C07,Hybrid,0,cs-KR,visit,0.848,0.844
C07,Hybrid,0,cs-Satt,linear,0.84,0.844
C07,Hybrid,0,cs-Satt,spline,0.844,0.844
C07,Hybrid,0,cs-Satt,visit,0.848,0.844
C07,Hybrid,0,csh-CR2,linear,0.844,0.84
C07,Hybrid,0,csh-CR2,visit,0.856,0.856
C07,Hybrid,0,csh-KR,linear,0.844,0.888
C07,Hybrid,0,csh-KR,visit,0.86,0.86
C07,Hybrid,0,csh-Satt,linear,0.856,0.888
C07,Hybrid,0,csh-Satt,spline,0.868,0.872
C07,Hybrid,0,csh-Satt,visit,0.864,0.856
C07,Hybrid,0,sp_exp-CR2,linear,0.92,0.936
C07,Hybrid,0,sp_exp-CR2,visit,0.912,0.928
C07,Hybrid,0,sp_exp-Satt,linear,0.868,0.92
C07,Hybrid,0,sp_exp-Satt,spline,0.86,0.912
C07,Hybrid,0,sp_exp-Satt,visit,0.86,0.884
C07,Hybrid,0,us-CR2,linear,0.948,0.924
C07,Hybrid,0,us-CR2,visit,0.944,0.912
C07,Hybrid,0,us-CR2-Dbc0.5,linear,0.94,0.888
C07,Hybrid,0,us-CR2-Dbc0.5,visit,0.94,0.892
C07,Hybrid,0,us-CR2-Dbc1,linear,0.912,0.872
C07,Hybrid,0,us-CR2-Dbc1,visit,0.912,0.868
C07,Hybrid,0,us-CR2-Dbc2,linear,0.876,0.828
C07,Hybrid,0,us-CR2-Dbc2,visit,0.872,0.848
C07,Hybrid,0,us-KR,linear,0.944,0.94
C07,Hybrid,0,us-KR,spline,0.948,0.944
C07,Hybrid,0,us-KR,visit,0.944,0.94
C07,Hybrid,0,us-KR-Dbc0.5,linear,0.928,0.908
C07,Hybrid,0,us-KR-Dbc0.5,visit,0.92,0.916
C07,Hybrid,0,us-KR-Dbc1,linear,0.892,0.868
C07,Hybrid,0,us-KR-Dbc1,visit,0.896,0.864
C07,Hybrid,0,us-KR-Dbc2,linear,0.84,0.804
C07,Hybrid,0,us-KR-Dbc2,visit,0.848,0.804
C07,Hybrid,0,us-KR-sepbm,visit,0.78,0.768
C07,Hybrid,0,us-Satt,linear,0.956,0.94
C07,Hybrid,0,us-Satt,spline,0.956,0.936
C07,Hybrid,0,us-Satt,visit,0.956,0.94
C07,Hybrid,1,BL+cs-CR2,linear,0.468,0.468
C07,Hybrid,1,BL+cs-CR2,visit,0.48,0.48
C07,Hybrid,1,BL+cs-KR,linear,0.576,0.42
C07,Hybrid,1,BL+cs-KR,visit,0.568,0.416
C07,Hybrid,1,BL+cs-Satt,linear,0.576,0.42
C07,Hybrid,1,BL+cs-Satt,spline,0.576,0.416
C07,Hybrid,1,BL+cs-Satt,visit,0.568,0.416
C07,Hybrid,1,BL+us-CR2,linear,0.548,0.456
C07,Hybrid,1,BL+us-CR2,visit,0.54,0.452
C07,Hybrid,1,BL+us-KR,linear,0.504,0.464
C07,Hybrid,1,BL+us-KR,spline,0.508,0.468
C07,Hybrid,1,BL+us-KR,visit,0.484,0.444
C07,Hybrid,1,BL+us-Satt,linear,0.552,0.456
C07,Hybrid,1,BL+us-Satt,spline,0.556,0.468
C07,Hybrid,1,BL+us-Satt,visit,0.548,0.444
C07,Hybrid,1,RI+CAR1-CR2,linear,0.704,0.692
C07,Hybrid,1,RI+CAR1-CR2,visit,0.692,0.688
C07,Hybrid,1,RI+CAR1-CR2-Dbc0.5,linear,0.724,0.724
C07,Hybrid,1,RI+CAR1-CR2-Dbc0.5,visit,0.708,0.708
C07,Hybrid,1,RI+CAR1-CR2-Dbc1,linear,0.744,0.76
C07,Hybrid,1,RI+CAR1-CR2-Dbc1,visit,0.736,0.744
C07,Hybrid,1,RI+CAR1-CR2-Dbc2,linear,0.776,0.752
C07,Hybrid,1,RI+CAR1-CR2-Dbc2,visit,0.76,0.764
C07,Hybrid,1,cs-CR2,linear,0.644,0.676
C07,Hybrid,1,cs-CR2,visit,0.628,0.652
C07,Hybrid,1,cs-KR,linear,0.692,0.676
C07,Hybrid,1,cs-KR,visit,0.72,0.604
C07,Hybrid,1,cs-Satt,linear,0.692,0.676
C07,Hybrid,1,cs-Satt,spline,0.716,0.62
C07,Hybrid,1,cs-Satt,visit,0.72,0.604
C07,Hybrid,1,csh-CR2,linear,0.7,0.712
C07,Hybrid,1,csh-CR2,visit,0.704,0.7
C07,Hybrid,1,csh-KR,linear,0.7,0.704
C07,Hybrid,1,csh-KR,visit,0.716,0.696
C07,Hybrid,1,csh-Satt,linear,0.704,0.704
C07,Hybrid,1,csh-Satt,spline,0.728,0.68
C07,Hybrid,1,csh-Satt,visit,0.724,0.696
C07,Hybrid,1,sp_exp-CR2,linear,0.664,0.664
C07,Hybrid,1,sp_exp-CR2,visit,0.652,0.64
C07,Hybrid,1,sp_exp-Satt,linear,0.612,0.628
C07,Hybrid,1,sp_exp-Satt,spline,0.624,0.628
C07,Hybrid,1,sp_exp-Satt,visit,0.628,0.596
C07,Hybrid,1,us-CR2,linear,0.868,0.764
C07,Hybrid,1,us-CR2,visit,0.856,0.768
C07,Hybrid,1,us-CR2-Dbc0.5,linear,0.896,0.796
C07,Hybrid,1,us-CR2-Dbc0.5,visit,0.9,0.804
C07,Hybrid,1,us-CR2-Dbc1,linear,0.904,0.836
C07,Hybrid,1,us-CR2-Dbc1,visit,0.904,0.84
C07,Hybrid,1,us-CR2-Dbc2,linear,0.9,0.816
C07,Hybrid,1,us-CR2-Dbc2,visit,0.896,0.812
C07,Hybrid,1,us-KR,linear,0.812,0.756
C07,Hybrid,1,us-KR,spline,0.816,0.772
C07,Hybrid,1,us-KR,visit,0.796,0.776
C07,Hybrid,1,us-KR-Dbc0.5,linear,0.852,0.812
C07,Hybrid,1,us-KR-Dbc0.5,visit,0.856,0.804
C07,Hybrid,1,us-KR-Dbc1,linear,0.884,0.852
C07,Hybrid,1,us-KR-Dbc1,visit,0.888,0.848
C07,Hybrid,1,us-KR-Dbc2,linear,0.876,0.86
C07,Hybrid,1,us-KR-Dbc2,visit,0.884,0.86
C07,Hybrid,1,us-KR-sepbm,visit,0.504,0.46
C07,Hybrid,1,us-Satt,linear,0.86,0.756
C07,Hybrid,1,us-Satt,spline,0.86,0.772
C07,Hybrid,1,us-Satt,visit,0.852,0.78
CS,CO,0,BL+cs-CR2,linear,0.792,0.784
CS,CO,0,BL+cs-CR2,visit,0.796,0.792
CS,CO,0,BL+cs-KR,linear,0.76,0.76
CS,CO,0,BL+cs-KR,visit,0.776,0.76
CS,CO,0,BL+cs-Satt,linear,0.76,0.76
CS,CO,0,BL+cs-Satt,spline,0.768,0.76
CS,CO,0,BL+cs-Satt,visit,0.776,0.76
CS,CO,0,BL+us-CR2,linear,0.804,0.696
CS,CO,0,BL+us-CR2,visit,0.808,0.704
CS,CO,0,BL+us-KR,linear,0.732,0.708
CS,CO,0,BL+us-KR,spline,0.744,0.724
CS,CO,0,BL+us-KR,visit,0.74,0.728
CS,CO,0,BL+us-Satt,linear,0.828,0.708
CS,CO,0,BL+us-Satt,spline,0.828,0.724
CS,CO,0,BL+us-Satt,visit,0.812,0.728
CS,CO,0,RI+CAR1-CR2,linear,0.736,0.684
CS,CO,0,RI+CAR1-CR2,visit,0.748,0.7
CS,CO,0,RI+CAR1-CR2-Dbc0.5,linear,0.74,0.688
CS,CO,0,RI+CAR1-CR2-Dbc0.5,visit,0.752,0.7
CS,CO,0,RI+CAR1-CR2-Dbc1,linear,0.724,0.68
CS,CO,0,RI+CAR1-CR2-Dbc1,visit,0.736,0.696
CS,CO,0,RI+CAR1-CR2-Dbc2,linear,0.704,0.624
CS,CO,0,RI+CAR1-CR2-Dbc2,visit,0.704,0.684
CS,CO,0,cs-CR2,linear,0.752,0.712
CS,CO,0,cs-CR2,visit,0.748,0.716
CS,CO,0,cs-KR,linear,0.74,0.716
CS,CO,0,cs-KR,visit,0.744,0.732
CS,CO,0,cs-Satt,linear,0.74,0.712
CS,CO,0,cs-Satt,spline,0.736,0.72
CS,CO,0,cs-Satt,visit,0.744,0.732
CS,CO,0,csh-CR2,linear,0.74,0.688
CS,CO,0,csh-CR2,visit,0.744,0.708
CS,CO,0,csh-KR,linear,0.736,0.728
CS,CO,0,csh-KR,visit,0.724,0.716
CS,CO,0,csh-Satt,linear,0.736,0.728
CS,CO,0,csh-Satt,spline,0.724,0.696
CS,CO,0,csh-Satt,visit,0.728,0.716
CS,CO,0,sp_exp-CR2,linear,0.36,0.336
CS,CO,0,sp_exp-CR2,visit,0.368,0.356
CS,CO,0,sp_exp-Satt,linear,0.332,0.296
CS,CO,0,sp_exp-Satt,spline,0.336,0.304
CS,CO,0,sp_exp-Satt,visit,0.356,0.328
CS,CO,0,us-CR2,linear,0.82,0.708
CS,CO,0,us-CR2,visit,0.816,0.708
CS,CO,0,us-CR2-Dbc0.5,linear,0.824,0.712
CS,CO,0,us-CR2-Dbc0.5,visit,0.812,0.712
CS,CO,0,us-CR2-Dbc1,linear,0.816,0.708
CS,CO,0,us-CR2-Dbc1,visit,0.82,0.7
CS,CO,0,us-CR2-Dbc2,linear,0.796,0.688
CS,CO,0,us-CR2-Dbc2,visit,0.808,0.704
CS,CO,0,us-KR,linear,0.752,0.72
CS,CO,0,us-KR,spline,0.752,0.732
CS,CO,0,us-KR,visit,0.76,0.732
CS,CO,0,us-KR-Dbc0.5,linear,0.748,0.716
CS,CO,0,us-KR-Dbc0.5,visit,0.76,0.732
CS,CO,0,us-KR-Dbc1,linear,0.744,0.728
CS,CO,0,us-KR-Dbc1,visit,0.76,0.716
CS,CO,0,us-KR-Dbc2,linear,0.736,0.696
CS,CO,0,us-KR-Dbc2,visit,0.748,0.688
CS,CO,0,us-KR-sepbm,visit,0.736,0.716
CS,CO,0,us-Satt,linear,0.828,0.72
CS,CO,0,us-Satt,spline,0.844,0.732
CS,CO,0,us-Satt,visit,0.828,0.736
CS,CO,1,BL+cs-CR2,linear,0.752,0.792
CS,CO,1,BL+cs-CR2,visit,0.76,0.796
CS,CO,1,BL+cs-KR,linear,0.756,0.788
CS,CO,1,BL+cs-KR,visit,0.756,0.808
CS,CO,1,BL+cs-Satt,linear,0.756,0.788
CS,CO,1,BL+cs-Satt,spline,0.748,0.8
CS,CO,1,BL+cs-Satt,visit,0.756,0.808
CS,CO,1,BL+us-CR2,linear,0.792,0.76
CS,CO,1,BL+us-CR2,visit,0.772,0.764
CS,CO,1,BL+us-KR,linear,0.752,0.756
CS,CO,1,BL+us-KR,spline,0.772,0.78
CS,CO,1,BL+us-KR,visit,0.768,0.792
CS,CO,1,BL+us-Satt,linear,0.828,0.756
CS,CO,1,BL+us-Satt,spline,0.816,0.78
CS,CO,1,BL+us-Satt,visit,0.816,0.788
CS,CO,1,RI+CAR1-CR2,linear,0.704,0.704
CS,CO,1,RI+CAR1-CR2,visit,0.732,0.744
CS,CO,1,RI+CAR1-CR2-Dbc0.5,linear,0.7,0.696
CS,CO,1,RI+CAR1-CR2-Dbc0.5,visit,0.732,0.748
CS,CO,1,RI+CAR1-CR2-Dbc1,linear,0.688,0.668
CS,CO,1,RI+CAR1-CR2-Dbc1,visit,0.712,0.716
CS,CO,1,RI+CAR1-CR2-Dbc2,linear,0.664,0.712
CS,CO,1,RI+CAR1-CR2-Dbc2,visit,0.7,0.704
CS,CO,1,cs-CR2,linear,0.724,0.724
CS,CO,1,cs-CR2,visit,0.736,0.752
CS,CO,1,cs-KR,linear,0.708,0.72
CS,CO,1,cs-KR,visit,0.716,0.764
CS,CO,1,cs-Satt,linear,0.708,0.72
CS,CO,1,cs-Satt,spline,0.712,0.74
CS,CO,1,cs-Satt,visit,0.716,0.764
CS,CO,1,csh-CR2,linear,0.704,0.688
CS,CO,1,csh-CR2,visit,0.728,0.736
CS,CO,1,csh-KR,linear,0.696,0.716
CS,CO,1,csh-KR,visit,0.712,0.744
CS,CO,1,csh-Satt,linear,0.7,0.716
CS,CO,1,csh-Satt,spline,0.7,0.744
CS,CO,1,csh-Satt,visit,0.72,0.744
CS,CO,1,sp_exp-CR2,linear,0.3,0.312
CS,CO,1,sp_exp-CR2,visit,0.304,0.344
CS,CO,1,sp_exp-Satt,linear,0.312,0.332
CS,CO,1,sp_exp-Satt,spline,0.316,0.324
CS,CO,1,sp_exp-Satt,visit,0.308,0.324
CS,CO,1,us-CR2,linear,0.78,0.748
CS,CO,1,us-CR2,visit,0.788,0.74
CS,CO,1,us-CR2-Dbc0.5,linear,0.788,0.748
CS,CO,1,us-CR2-Dbc0.5,visit,0.78,0.736
CS,CO,1,us-CR2-Dbc1,linear,0.788,0.728
CS,CO,1,us-CR2-Dbc1,visit,0.788,0.74
CS,CO,1,us-CR2-Dbc2,linear,0.776,0.712
CS,CO,1,us-CR2-Dbc2,visit,0.788,0.748
CS,CO,1,us-KR,linear,0.752,0.748
CS,CO,1,us-KR,spline,0.74,0.752
CS,CO,1,us-KR,visit,0.76,0.76
CS,CO,1,us-KR-Dbc0.5,linear,0.752,0.748
CS,CO,1,us-KR-Dbc0.5,visit,0.764,0.764
CS,CO,1,us-KR-Dbc1,linear,0.752,0.752
CS,CO,1,us-KR-Dbc1,visit,0.76,0.752
CS,CO,1,us-KR-Dbc2,linear,0.76,0.74
CS,CO,1,us-KR-Dbc2,visit,0.768,0.76
CS,CO,1,us-KR-sepbm,visit,0.752,0.76
CS,CO,1,us-Satt,linear,0.812,0.752
CS,CO,1,us-Satt,spline,0.824,0.752
CS,CO,1,us-Satt,visit,0.832,0.764
CS,Hybrid,0,BL+cs-CR2,linear,0.724,0.724
CS,Hybrid,0,BL+cs-CR2,visit,0.732,0.76
CS,Hybrid,0,BL+cs-KR,linear,0.716,0.752
CS,Hybrid,0,BL+cs-KR,visit,0.764,0.764
CS,Hybrid,0,BL+cs-Satt,linear,0.716,0.752
CS,Hybrid,0,BL+cs-Satt,spline,0.76,0.768
CS,Hybrid,0,BL+cs-Satt,visit,0.764,0.764
CS,Hybrid,0,BL+us-CR2,linear,0.772,0.716
CS,Hybrid,0,BL+us-CR2,visit,0.772,0.74
CS,Hybrid,0,BL+us-KR,linear,0.708,0.704
CS,Hybrid,0,BL+us-KR,spline,0.704,0.688
CS,Hybrid,0,BL+us-KR,visit,0.704,0.696
CS,Hybrid,0,BL+us-Satt,linear,0.788,0.704
CS,Hybrid,0,BL+us-Satt,spline,0.784,0.688
CS,Hybrid,0,BL+us-Satt,visit,0.796,0.696
CS,Hybrid,0,RI+CAR1-CR2,linear,0.616,0.616
CS,Hybrid,0,RI+CAR1-CR2,visit,0.632,0.632
CS,Hybrid,0,RI+CAR1-CR2-Dbc0.5,linear,0.592,0.64
CS,Hybrid,0,RI+CAR1-CR2-Dbc0.5,visit,0.596,0.632
CS,Hybrid,0,RI+CAR1-CR2-Dbc1,linear,0.504,0.516
CS,Hybrid,0,RI+CAR1-CR2-Dbc1,visit,0.512,0.52
CS,Hybrid,0,RI+CAR1-CR2-Dbc2,linear,0.412,0.396
CS,Hybrid,0,RI+CAR1-CR2-Dbc2,visit,0.384,0.38
CS,Hybrid,0,cs-CR2,linear,0.628,0.664
CS,Hybrid,0,cs-CR2,visit,0.64,0.64
CS,Hybrid,0,cs-KR,linear,0.676,0.664
CS,Hybrid,0,cs-KR,visit,0.716,0.624
CS,Hybrid,0,cs-Satt,linear,0.676,0.664
CS,Hybrid,0,cs-Satt,spline,0.712,0.648
CS,Hybrid,0,cs-Satt,visit,0.716,0.624
CS,Hybrid,0,csh-CR2,linear,0.688,0.692
CS,Hybrid,0,csh-CR2,visit,0.7,0.692
CS,Hybrid,0,csh-KR,linear,0.66,0.684
CS,Hybrid,0,csh-KR,visit,0.704,0.66
CS,Hybrid,0,csh-Satt,linear,0.672,0.684
CS,Hybrid,0,csh-Satt,spline,0.696,0.688
CS,Hybrid,0,csh-Satt,visit,0.716,0.66
CS,Hybrid,0,sp_exp-CR2,linear,0.488,0.476
CS,Hybrid,0,sp_exp-CR2,visit,0.504,0.516
CS,Hybrid,0,sp_exp-Satt,linear,0.484,0.496
CS,Hybrid,0,sp_exp-Satt,spline,0.484,0.496
CS,Hybrid,0,sp_exp-Satt,visit,0.52,0.528
CS,Hybrid,0,us-CR2,linear,0.78,0.704
CS,Hybrid,0,us-CR2,visit,0.788,0.72
CS,Hybrid,0,us-CR2-Dbc0.5,linear,0.776,0.72
CS,Hybrid,0,us-CR2-Dbc0.5,visit,0.764,0.724
CS,Hybrid,0,us-CR2-Dbc1,linear,0.728,0.704
CS,Hybrid,0,us-CR2-Dbc1,visit,0.712,0.668
CS,Hybrid,0,us-CR2-Dbc2,linear,0.604,0.56
CS,Hybrid,0,us-CR2-Dbc2,visit,0.624,0.552
CS,Hybrid,0,us-KR,linear,0.7,0.688
CS,Hybrid,0,us-KR,spline,0.716,0.692
CS,Hybrid,0,us-KR,visit,0.704,0.692
CS,Hybrid,0,us-KR-Dbc0.5,linear,0.708,0.7
CS,Hybrid,0,us-KR-Dbc0.5,visit,0.708,0.704
CS,Hybrid,0,us-KR-Dbc1,linear,0.632,0.664
CS,Hybrid,0,us-KR-Dbc1,visit,0.656,0.644
CS,Hybrid,0,us-KR-Dbc2,linear,0.564,0.596
CS,Hybrid,0,us-KR-Dbc2,visit,0.592,0.62
CS,Hybrid,0,us-KR-sepbm,visit,0.72,0.72
CS,Hybrid,0,us-Satt,linear,0.768,0.68
CS,Hybrid,0,us-Satt,spline,0.784,0.692
CS,Hybrid,0,us-Satt,visit,0.772,0.692
CS,Hybrid,1,BL+cs-CR2,linear,0.476,0.476
CS,Hybrid,1,BL+cs-CR2,visit,0.472,0.488
CS,Hybrid,1,BL+cs-KR,linear,0.436,0.448
CS,Hybrid,1,BL+cs-KR,visit,0.492,0.46
CS,Hybrid,1,BL+cs-Satt,linear,0.44,0.448
CS,Hybrid,1,BL+cs-Satt,spline,0.472,0.452
CS,Hybrid,1,BL+cs-Satt,visit,0.492,0.46
CS,Hybrid,1,BL+us-CR2,linear,0.52,0.44
CS,Hybrid,1,BL+us-CR2,visit,0.52,0.42
CS,Hybrid,1,BL+us-KR,linear,0.448,0.404
CS,Hybrid,1,BL+us-KR,spline,0.464,0.424
CS,Hybrid,1,BL+us-KR,visit,0.456,0.408
CS,Hybrid,1,BL+us-Satt,linear,0.532,0.408
CS,Hybrid,1,BL+us-Satt,spline,0.524,0.424
CS,Hybrid,1,BL+us-Satt,visit,0.536,0.412
CS,Hybrid,1,RI+CAR1-CR2,linear,0.464,0.456
CS,Hybrid,1,RI+CAR1-CR2,visit,0.484,0.456
CS,Hybrid,1,RI+CAR1-CR2-Dbc0.5,linear,0.488,0.44
CS,Hybrid,1,RI+CAR1-CR2-Dbc0.5,visit,0.492,0.468
CS,Hybrid,1,RI+CAR1-CR2-Dbc1,linear,0.44,0.44
CS,Hybrid,1,RI+CAR1-CR2-Dbc1,visit,0.456,0.452
CS,Hybrid,1,RI+CAR1-CR2-Dbc2,linear,0.388,0.344
CS,Hybrid,1,RI+CAR1-CR2-Dbc2,visit,0.38,0.368
CS,Hybrid,1,cs-CR2,linear,0.46,0.428
CS,Hybrid,1,cs-CR2,visit,0.48,0.452
CS,Hybrid,1,cs-KR,linear,0.48,0.456
CS,Hybrid,1,cs-KR,visit,0.548,0.484
CS,Hybrid,1,cs-Satt,linear,0.48,0.456
CS,Hybrid,1,cs-Satt,spline,0.528,0.484
CS,Hybrid,1,cs-Satt,visit,0.548,0.484
CS,Hybrid,1,csh-CR2,linear,0.476,0.392
CS,Hybrid,1,csh-CR2,visit,0.488,0.416
CS,Hybrid,1,csh-KR,linear,0.46,0.456
CS,Hybrid,1,csh-KR,visit,0.516,0.452
CS,Hybrid,1,csh-Satt,linear,0.468,0.456
CS,Hybrid,1,csh-Satt,spline,0.504,0.456
CS,Hybrid,1,csh-Satt,visit,0.516,0.452
CS,Hybrid,1,sp_exp-CR2,linear,0.312,0.332
CS,Hybrid,1,sp_exp-CR2,visit,0.316,0.336
CS,Hybrid,1,sp_exp-Satt,linear,0.296,0.312
CS,Hybrid,1,sp_exp-Satt,spline,0.304,0.304
CS,Hybrid,1,sp_exp-Satt,visit,0.316,0.316
CS,Hybrid,1,us-CR2,linear,0.524,0.448
CS,Hybrid,1,us-CR2,visit,0.532,0.432
CS,Hybrid,1,us-CR2-Dbc0.5,linear,0.556,0.472
CS,Hybrid,1,us-CR2-Dbc0.5,visit,0.56,0.448
CS,Hybrid,1,us-CR2-Dbc1,linear,0.584,0.42
CS,Hybrid,1,us-CR2-Dbc1,visit,0.572,0.468
CS,Hybrid,1,us-CR2-Dbc2,linear,0.556,0.352
CS,Hybrid,1,us-CR2-Dbc2,visit,0.56,0.336
CS,Hybrid,1,us-KR,linear,0.436,0.424
CS,Hybrid,1,us-KR,spline,0.472,0.4
CS,Hybrid,1,us-KR,visit,0.468,0.4
CS,Hybrid,1,us-KR-Dbc0.5,linear,0.492,0.472
CS,Hybrid,1,us-KR-Dbc0.5,visit,0.508,0.424
CS,Hybrid,1,us-KR-Dbc1,linear,0.504,0.496
CS,Hybrid,1,us-KR-Dbc1,visit,0.5,0.472
CS,Hybrid,1,us-KR-Dbc2,linear,0.468,0.412
CS,Hybrid,1,us-KR-Dbc2,visit,0.484,0.44
CS,Hybrid,1,us-KR-sepbm,visit,0.46,0.396
CS,Hybrid,1,us-Satt,linear,0.556,0.424
CS,Hybrid,1,us-Satt,spline,0.552,0.4
CS,Hybrid,1,us-Satt,visit,0.56,0.404
