cell,construct,design,hyp,t_half,rho,cbm,coding,mean,cov,test,extra,expo,th_a,engine,reject,mean_est,emp_sd,mean_se,fails,fits,min_eig,kappa,mcse
1,CS,Hybrid,alt,0,0.8,0.25,row,linear,car1,CR2,none,Dbc,0.5,lme,0.592,-0.140221606648463,0.0607728307589521,0.0607866698007094,0,250,0.00430297648113838,1.00022771757683,0.0310828570115426
1,CS,Hybrid,alt,0,0.8,0.25,row,linear,car1,CR2,none,Dbc,1,lme,0.504,-0.147021191200082,0.0692799428912858,0.0698048088869937,0,250,0.00430297648113838,1.0075760165757,0.0316217646566412
1,CS,Hybrid,alt,0,0.8,0.25,row,linear,car1,CR2,none,Dbc,2,lme,0.412,-0.15205512876687,0.084704846547783,0.0851872746698757,0,250,0.00430297648113838,1.00569540164175,0.0311291503256995
1,CS,Hybrid,alt,0,0.8,0.25,row,linear,car1,CR2,none,Db,,lme,0.616,-0.132287966051409,0.0560664069325955,0.0553161257784472,0,250,0.00430297648113838,0.986617991143068,0.0307599739921867
1,CS,Hybrid,alt,0,0.8,0.25,row,visit,car1,CR2,none,Dbc,0.5,lme,0.596,-0.139897228930556,0.0599429830778925,0.060514469778694,0,250,0.00430297648113838,1.00953383818184,0.0310344324903807
1,CS,Hybrid,alt,0,0.8,0.25,row,visit,car1,CR2,none,Dbc,1,lme,0.512,-0.146742239345558,0.0686179829906463,0.0696022528853668,0,250,0.00430297648113838,1.01434419742205,0.0316136679301849
1,CS,Hybrid,alt,0,0.8,0.25,row,visit,car1,CR2,none,Dbc,2,lme,0.384,-0.151513119338119,0.0841149826804485,0.0850198388655506,0,250,0.00430297648113838,1.01075737230476,0.0307599739921867
1,CS,Hybrid,alt,0,0.8,0.25,row,visit,car1,CR2,none,Db,,lme,0.632,-0.132501046974928,0.0551773615175896,0.0551255180010148,0,250,0.00430297648113838,0.999060420521226,0.0305008852330551
1,CS,Hybrid,alt,0,0.8,0.25,row,linear,us,CR2,none,Dbc,0.5,mmrm,0.776,-0.144926838018931,0.0549166813489059,0.0493075469874652,0,250,0.00430297648113838,0.897861010103581,0.0263684660152994
1,CS,Hybrid,alt,0,0.8,0.25,row,linear,us,CR2,none,Dbc,1,mmrm,0.728,-0.156806372548939,0.0632559264027755,0.0562734560362948,0,250,0.00430297648113838,0.889615554406388,0.0281436316064576
1,CS,Hybrid,alt,0,0.8,0.25,row,linear,us,CR2,none,Dbc,2,mmrm,0.604,-0.16806682638806,0.079266550680279,0.0686263790045644,0,250,0.00430297648113838,0.865767192032467,0.0309311493481894
1,CS,Hybrid,alt,0,0.8,0.25,row,linear,us,Kenward-Roger,none,Dbc,0.5,mmrm,0.708,-0.144926838018931,0.0549166813489059,0.058413687397835,0,250,0.00430297648113838,1.06367839357792,0.0287566340172142
1,CS,Hybrid,alt,0,0.8,0.25,row,linear,us,Kenward-Roger,none,Dbc,1,mmrm,0.632,-0.156806372548939,0.0632559264027755,0.0674463173799582,0,250,0.00430297648113838,1.06624503371432,0.0305008852330551
1,CS,Hybrid,alt,0,0.8,0.25,row,linear,us,Kenward-Roger,none,Dbc,2,mmrm,0.564,-0.16806682638806,0.079266550680279,0.0820718067240863,0,250,0.00430297648113838,1.03539016167264,0.0313626529490093
1,CS,Hybrid,alt,0,0.8,0.25,row,visit,us,CR2,none,Dbc,0.5,mmrm,0.764,-0.144475120321207,0.0552878642457964,0.0489125874952169,0,250,0.00430297648113838,0.884689400874005,0.0268554649931816
1,CS,Hybrid,alt,0,0.8,0.25,row,visit,us,CR2,none,Dbc,1,mmrm,0.712,-0.155991677634001,0.0634755896335702,0.0556223302137025,0,250,0.00430297648113838,0.87627906309807,0.0286395530691385
1,CS,Hybrid,alt,0,0.8,0.25,row,visit,us,CR2,none,Dbc,2,mmrm,0.624,-0.170652443206609,0.0790982082088934,0.0677093805994816,0,250,0.00430297648113838,0.856016616971467,0.0306348820790941
1,CS,Hybrid,alt,0,0.8,0.25,row,visit,us,Kenward-Roger,none,Dbc,0.5,mmrm,0.708,-0.144475120321207,0.0552878642457964,0.057252884872761,0,250,0.00430297648113838,1.03554162660776,0.0287566340172142
1,CS,Hybrid,alt,0,0.8,0.25,row,visit,us,Kenward-Roger,none,Dbc,1,mmrm,0.656,-0.155991677634001,0.0634755896335702,0.064894941305534,0,250,0.00430297648113838,1.02236059058541,0.0300442340558051
1,CS,Hybrid,alt,0,0.8,0.25,row,visit,us,Kenward-Roger,none,Dbc,2,mmrm,0.592,-0.170652443206609,0.0790982082088934,0.078405922606732,0,250,0.00430297648113838,0.991247771373871,0.0310828570115426
2,CS,Hybrid,alt,1,0.8,0.25,row,linear,car1,CR2,none,Dbc,0.5,lme,0.488,-0.115427564983824,0.0663149298655484,0.0605454429176138,0,250,0.0346291056706903,0.912998672250245,0.0316136679301849
2,CS,Hybrid,alt,1,0.8,0.25,row,linear,car1,CR2,none,Dbc,1,lme,0.44,-0.128452935614349,0.0747802253220672,0.0690156251473585,0,250,0.0346291056706903,0.922912773398563,0.0313942669925577
2,CS,Hybrid,alt,1,0.8,0.25,row,linear,car1,CR2,none,Dbc,2,lme,0.388,-0.141593206848711,0.08940689732694,0.083440112100187,0,250,0.0346291056706903,0.933262584821238,0.0308192147855847
2,CS,Hybrid,alt,1,0.8,0.25,row,linear,car1,CR2,none,Db,,lme,0.464,-0.103284177999784,0.061298011350649,0.0553980103839221,0,250,0.0346291056706903,0.903748900874182,0.0315407038602502
2,CS,Hybrid,alt,1,0.8,0.25,row,visit,car1,CR2,none,Dbc,0.5,lme,0.492,-0.116473027450797,0.0656420816681883,0.060333574531537,0,250,0.0346291056706903,0.919129512627509,0.0316187286271918
2,CS,Hybrid,alt,1,0.8,0.25,row,visit,car1,CR2,none,Dbc,1,lme,0.456,-0.129276197524799,0.074239533624426,0.0686868353831271,0,250,0.0346291056706903,0.92520564219342,0.0315000952379513
2,CS,Hybrid,alt,1,0.8,0.25,row,visit,car1,CR2,none,Dbc,2,lme,0.38,-0.14233366950847,0.0890434557280072,0.0830699346093916,0,250,0.0346291056706903,0.932914540773638,0.0306985341669598
2,CS,Hybrid,alt,1,0.8,0.25,row,visit,car1,CR2,none,Db,,lme,0.484,-0.105578517443937,0.0606621033824134,0.0554048928476305,0,250,0.0346291056706903,0.913336164728059,0.0316065815930796
2,CS,Hybrid,alt,1,0.8,0.25,row,linear,us,CR2,none,Dbc,0.5,mmrm,0.556,-0.11200988326819,0.0606849414404305,0.0496309339431561,0,250,0.0346291056706903,0.817845955934139,0.0314238126267326
2,CS,Hybrid,alt,1,0.8,0.25,row,linear,us,CR2,none,Dbc,1,mmrm,0.584,-0.129057559864827,0.0692886381183368,0.0560487803252568,0,250,0.0346291056706903,0.808917332586796,0.0311733219275713
2,CS,Hybrid,alt,1,0.8,0.25,row,linear,us,CR2,none,Dbc,2,mmrm,0.556,-0.15124885847082,0.0835001017317682,0.067703430660538,0,250,0.0346291056706903,0.810818541012385,0.0314238126267326
2,CS,Hybrid,alt,1,0.8,0.25,row,linear,us,Kenward-Roger,none,Dbc,0.5,mmrm,0.492,-0.11200988326819,0.0606849414404305,0.0577934653033791,0,250,0.0346291056706903,0.952352658362706,0.0316187286271918
2,CS,Hybrid,alt,1,0.8,0.25,row,linear,us,Kenward-Roger,none,Dbc,1,mmrm,0.504,-0.129057559864827,0.0692886381183368,0.0659161214886719,0,250,0.0346291056706903,0.95132655625436,0.0316217646566412
2,CS,Hybrid,alt,1,0.8,0.25,row,linear,us,Kenward-Roger,none,Dbc,2,mmrm,0.468,-0.15124885847082,0.0835001017317682,0.0803183120215462,0,250,0.0346291056706903,0.961894780434604,0.0315579467012669
2,CS,Hybrid,alt,1,0.8,0.25,row,visit,us,CR2,none,Dbc,0.5,mmrm,0.56,-0.113213538767942,0.0609231080971771,0.049423064698441,0,250,0.0346291056706903,0.811236757973795,0.0313942669925577
2,CS,Hybrid,alt,1,0.8,0.25,row,visit,us,CR2,none,Dbc,1,mmrm,0.572,-0.128812077860773,0.0686262278256867,0.0555037531558799,0,250,0.0346291056706903,0.808783389593577,0.0312931941482489
2,CS,Hybrid,alt,1,0.8,0.25,row,visit,us,CR2,none,Dbc,2,mmrm,0.56,-0.149555741815844,0.081743809952984,0.0667656521408048,0,250,0.0346291056706903,0.816767069937233,0.0313942669925577
2,CS,Hybrid,alt,1,0.8,0.25,row,visit,us,Kenward-Roger,none,Dbc,0.5,mmrm,0.508,-0.113213538767942,0.0609231080971771,0.0566724600206907,0,250,0.0346291056706903,0.9302292970722,0.0316187286271918
2,CS,Hybrid,alt,1,0.8,0.25,row,visit,us,Kenward-Roger,none,Dbc,1,mmrm,0.5,-0.128812077860773,0.0686262278256867,0.0637263408907815,0,250,0.0346291056706903,0.92860037495648,0.0316227766016838
2,CS,Hybrid,alt,1,0.8,0.25,row,visit,us,Kenward-Roger,none,Dbc,2,mmrm,0.484,-0.149555741815844,0.081743809952984,0.0766480805724586,0,250,0.0346291056706903,0.937662198722371,0.0316065815930796
3,CS,Hybrid,null,0,0.8,0,row,linear,car1,CR2,none,Dbc,0.5,lme,0.044,-0.00527505340535488,0.0635748464599946,0.062033190390354,0,500,0.0999999999999996,0.975750534126563,0.00917213170424411
3,CS,Hybrid,null,0,0.8,0,row,linear,car1,CR2,none,Dbc,1,lme,0.048,-0.00521814729196354,0.0732900995751273,0.0706446117817908,0,500,0.0999999999999996,0.963903885945405,0.00955991631762538
3,CS,Hybrid,null,0,0.8,0,row,linear,car1,CR2,none,Dbc,2,lme,0.052,-0.00514737706670515,0.0894436437007291,0.0853376540002748,0,500,0.0999999999999996,0.954094114119583,0.00992935043192655
3,CS,Hybrid,null,0,0.8,0,row,linear,car1,CR2,none,Db,,lme,0.05,-0.00525097280547064,0.0576867087299815,0.0567785203934284,0,500,0.0999999999999996,0.984256540951155,0.00974679434480896
3,CS,Hybrid,null,0,0.8,0,row,visit,car1,CR2,none,Dbc,0.5,lme,0.048,-0.00536014621556916,0.0631128274485242,0.0616789619426947,0,500,0.0999999999999996,0.977280917940194,0.00955991631762538
3,CS,Hybrid,null,0,0.8,0,row,visit,car1,CR2,none,Dbc,1,lme,0.048,-0.00508327788452218,0.0730350944918983,0.0703760509802933,0,500,0.0999999999999996,0.963592249313788,0.00955991631762538
3,CS,Hybrid,null,0,0.8,0,row,visit,car1,CR2,none,Dbc,2,lme,0.054,-0.00481411702814531,0.0894333745071103,0.085102462881536,0,500,0.0999999999999996,0.951573876649035,0.0101078187557949
3,CS,Hybrid,null,0,0.8,0,row,visit,car1,CR2,none,Db,,lme,0.052,-0.00554583794975698,0.0572593231116298,0.0564622344120379,0,500,0.0999999999999996,0.986079320252566,0.00992935043192655
3,CS,Hybrid,null,0,0.8,0,row,linear,us,CR2,none,Dbc,0.5,mmrm,0.076,-0.00532977217138581,0.0578766020189394,0.0516998387132318,0,500,0.0999999999999996,0.893277022315748,0.0118510759005248
3,CS,Hybrid,null,0,0.8,0,row,linear,us,CR2,none,Dbc,1,mmrm,0.064,-0.0049006720814489,0.066132758385989,0.0586049930268505,0,500,0.0999999999999996,0.886171913241512,0.0109456840809517
3,CS,Hybrid,null,0,0.8,0,row,linear,us,CR2,none,Dbc,2,mmrm,0.072,-0.0039431221729449,0.081351309291524,0.0706238378468535,0,500,0.0999999999999996,0.868134003765958,0.0115599307956406
3,CS,Hybrid,null,0,0.8,0,row,linear,us,Kenward-Roger,none,Dbc,0.5,mmrm,0.054,-0.00532977217138581,0.0578766020189394,0.0591524832284298,0,500,0.0999999999999996,1.02204485344653,0.0101078187557949
3,CS,Hybrid,null,0,0.8,0,row,linear,us,Kenward-Roger,none,Dbc,1,mmrm,0.04,-0.0049006720814489,0.066132758385989,0.0679307411002602,0,500,0.0999999999999996,1.02718747498444,0.00876356092008266
3,CS,Hybrid,null,0,0.8,0,row,linear,us,Kenward-Roger,none,Dbc,2,mmrm,0.042,-0.0039431221729449,0.081351309291524,0.0820248071495897,0,500,0.0999999999999996,1.00827888160536,0.00897061870775924
3,CS,Hybrid,null,0,0.8,0,row,visit,us,CR2,none,Dbc,0.5,mmrm,0.074,-0.00511358872316844,0.0578347923586235,0.0513302464892015,0,500,0.0999999999999996,0.887532303581407,0.0117067501895274
3,CS,Hybrid,null,0,0.8,0,row,visit,us,CR2,none,Dbc,1,mmrm,0.072,-0.00446431095394197,0.0657482530612787,0.057949047017935,0,500,0.0999999999999996,0.881377744955829,0.0115599307956406
3,CS,Hybrid,null,0,0.8,0,row,visit,us,CR2,none,Dbc,2,mmrm,0.082,-0.00359919696220759,0.0803401101459285,0.0696908190781489,0,500,0.0999999999999996,0.867447392735255,0.0122699633251286
3,CS,Hybrid,null,0,0.8,0,row,visit,us,Kenward-Roger,none,Dbc,0.5,mmrm,0.06,-0.00511358872316844,0.0578347923586235,0.0578897399159263,0,500,0.0999999999999996,1.00095007788672,0.0106207344378814
3,CS,Hybrid,null,0,0.8,0,row,visit,us,Kenward-Roger,none,Dbc,1,mmrm,0.056,-0.00446431095394197,0.0657482530612787,0.0653034817276555,0,500,0.0999999999999996,0.993235237243358,0.0102824121683582
3,CS,Hybrid,null,0,0.8,0,row,visit,us,Kenward-Roger,none,Dbc,2,mmrm,0.046,-0.00359919696220759,0.0803401101459285,0.0784003005799253,0,500,0.0999999999999996,0.975855029791722,0.00936845771725528
4,CS,Hybrid,null,1,0.8,0,row,linear,car1,CR2,none,Dbc,0.5,lme,0.062,-0.000248045639522874,0.0642382130300311,0.0620064961199773,0,500,0.0999999999999996,0.965258733006621,0.0107848041243223
4,CS,Hybrid,null,1,0.8,0,row,linear,car1,CR2,none,Dbc,1,lme,0.06,0.000314678842838858,0.0740643379948128,0.070521780547855,0,500,0.0999999999999996,0.952169187724246,0.0106207344378814
4,CS,Hybrid,null,1,0.8,0,row,linear,car1,CR2,none,Dbc,2,lme,0.056,0.00114599098272681,0.090353369204442,0.08484034500029,0,500,0.0999999999999996,0.938983745125455,0.0102824121683582
4,CS,Hybrid,null,1,0.8,0,row,linear,car1,CR2,none,Db,,lme,0.052,-0.00063262959064237,0.058140636097052,0.056759057321278,0,500,0.0999999999999996,0.976237295142975,0.00992935043192655
4,CS,Hybrid,null,1,0.8,0,row,visit,car1,CR2,none,Dbc,0.5,lme,0.058,-0.00020530997694138,0.0642022915648939,0.0618892104904333,0,500,0.0999999999999996,0.963971985764361,0.0104533248299285
4,CS,Hybrid,null,1,0.8,0,row,visit,car1,CR2,none,Dbc,1,lme,0.052,0.00023596076068928,0.0737633590559527,0.070314888023238,0,500,0.0999999999999996,0.953249539109263,0.00992935043192655
4,CS,Hybrid,null,1,0.8,0,row,visit,car1,CR2,none,Dbc,2,lme,0.056,0.000977998073718941,0.0899075382006903,0.0845663866457189,0,500,0.0999999999999996,0.940592839467488,0.0102824121683582
4,CS,Hybrid,null,1,0.8,0,row,visit,car1,CR2,none,Db,,lme,0.058,-0.000472690924602729,0.0584591598090681,0.0568015610018555,0,500,0.0999999999999996,0.971645182506446,0.0104533248299285
4,CS,Hybrid,null,1,0.8,0,row,linear,us,CR2,none,Dbc,0.5,mmrm,0.09,-0.00170109339591325,0.0595548077983474,0.0511949998411891,0,500,0.0999999999999996,0.859628327817552,0.0127984374046209
4,CS,Hybrid,null,1,0.8,0,row,linear,us,CR2,none,Dbc,1,mmrm,0.094,-0.00151156785349056,0.0680391327352878,0.0579453987962669,0,500,0.0999999999999996,0.851648109944443,0.0130509769749241
4,CS,Hybrid,null,1,0.8,0,row,linear,us,CR2,none,Dbc,2,mmrm,0.092,-0.0011903892185587,0.083621336435037,0.0697252296258143,0,500,0.0999999999999996,0.833821038963922,0.01292563344676
4,CS,Hybrid,null,1,0.8,0,row,linear,us,Kenward-Roger,none,Dbc,0.5,mmrm,0.054,-0.00170109339591325,0.0595548077983474,0.0587009128286351,0,500,0.0999999999999996,0.985662031307303,0.0101078187557949
4,CS,Hybrid,null,1,0.8,0,row,linear,us,Kenward-Roger,none,Dbc,1,mmrm,0.058,-0.00151156785349056,0.0680391327352878,0.0669866443847724,0,500,0.0999999999999996,0.984531132185205,0.0104533248299285
4,CS,Hybrid,null,1,0.8,0,row,linear,us,Kenward-Roger,none,Dbc,2,mmrm,0.058,-0.0011903892185587,0.083621336435037,0.0814421489465784,0,500,0.0999999999999996,0.973939815107457,0.0104533248299285
4,CS,Hybrid,null,1,0.8,0,row,visit,us,CR2,none,Dbc,0.5,mmrm,0.096,-0.00204132001167065,0.0595720556956588,0.0510728820013023,0,500,0.0999999999999996,0.857329521449168,0.0131745208641529
4,CS,Hybrid,null,1,0.8,0,row,visit,us,CR2,none,Dbc,1,mmrm,0.102,-0.00193395412234847,0.0676198714957485,0.0574517285578801,0,500,0.0999999999999996,0.849627887291864,0.0135348439222623
4,CS,Hybrid,null,1,0.8,0,row,visit,us,CR2,none,Dbc,2,mmrm,0.09,-0.00168985020359813,0.0824886616967046,0.0688281161388991,0,500,0.0999999999999996,0.83439486983032,0.0127984374046209
4,CS,Hybrid,null,1,0.8,0,row,visit,us,Kenward-Roger,none,Dbc,0.5,mmrm,0.072,-0.00204132001167065,0.0595720556956588,0.0576947026446469,0,500,0.0999999999999996,0.968486011954952,0.0115599307956406
4,CS,Hybrid,null,1,0.8,0,row,visit,us,Kenward-Roger,none,Dbc,1,mmrm,0.068,-0.00193395412234847,0.0676198714957485,0.0649869276716866,0,500,0.0999999999999996,0.961062572793747,0.0112584190719657
4,CS,Hybrid,null,1,0.8,0,row,visit,us,Kenward-Roger,none,Dbc,2,mmrm,0.07,-0.00168985020359813,0.0824886616967046,0.0780614811073633,0,500,0.0999999999999996,0.946329828872492,0.0114105214604767
5,CS,CO,alt,0,0.8,0.25,row,linear,car1,CR2,none,Dbc,0.5,lme,0.74,-0.129959384373298,0.048123972617173,0.0471853523013782,0,250,0.00430297648113788,0.980495784850066,0.0277416654150395
5,CS,CO,alt,0,0.8,0.25,row,linear,car1,CR2,none,Dbc,1,lme,0.724,-0.131565327082795,0.0494612784988662,0.0484095391710766,0,250,0.00430297648113788,0.978736107118345,0.0282718234289902
5,CS,CO,alt,0,0.8,0.25,row,linear,car1,CR2,none,Dbc,2,lme,0.704,-0.1340803309518,0.0525268446843565,0.0512316711153326,0,250,0.00430297648113788,0.975342635240955,0.0288710235357183
5,CS,CO,alt,0,0.8,0.25,row,linear,car1,CR2,none,Db,,lme,0.736,-0.129530259132889,0.0478518946192678,0.0469424945026478,0,250,0.00430297648113788,0.980995525383986,0.0278785939387194
5,CS,CO,alt,0,0.8,0.25,row,visit,car1,CR2,none,Dbc,0.5,lme,0.752,-0.129416357203744,0.0462407607926224,0.0452997477104062,0,250,0.00430297648113788,0.979649705885326,0.0273127076651144
5,CS,CO,alt,0,0.8,0.25,row,visit,car1,CR2,none,Dbc,1,lme,0.736,-0.130957585096204,0.0474250925384514,0.0463323268934846,0,250,0.00430297648113788,0.976958070370008,0.0278785939387194
5,CS,CO,alt,0,0.8,0.25,row,visit,car1,CR2,none,Dbc,2,lme,0.704,-0.133422981293405,0.0504155866072865,0.0490349795592069,0,250,0.00430297648113788,0.972615471900904,0.0288710235357183
5,CS,CO,alt,0,0.8,0.25,row,visit,car1,CR2,none,Db,,lme,0.748,-0.129038768924925,0.0460162235288431,0.0451063683624096,0,250,0.00430297648113788,0.980227513327703,0.0274587690911301
5,CS,CO,alt,0,0.8,0.25,row,linear,us,CR2,none,Dbc,0.5,mmrm,0.824,-0.1291097521255,0.0496208920161165,0.0411100610217332,0,250,0.00430297648113788,0.82848291014964,0.0240851821666352
5,CS,CO,alt,0,0.8,0.25,row,linear,us,CR2,none,Dbc,1,mmrm,0.816,-0.130964281046523,0.0508464550944929,0.0420440624973801,0,250,0.00430297648113788,0.826882865663802,0.0245066521581386
5,CS,CO,alt,0,0.8,0.25,row,linear,us,CR2,none,Dbc,2,mmrm,0.796,-0.134730586525504,0.0535005379794934,0.0442558632043577,0,250,0.00430297648113788,0.827204078234146,0.0254859961547513
5,CS,CO,alt,0,0.8,0.25,row,linear,us,Kenward-Roger,none,Dbc,0.5,mmrm,0.748,-0.1291097521255,0.0496208920161165,0.0468558390954848,0,250,0.00430297648113788,0.944276436632103,0.0274587690911301
5,CS,CO,alt,0,0.8,0.25,row,linear,us,Kenward-Roger,none,Dbc,1,mmrm,0.744,-0.130964281046523,0.0508464550944929,0.0477844811746742,0,250,0.00430297648113788,0.939779992250623,0.0276017390756452
5,CS,CO,alt,0,0.8,0.25,row,linear,us,Kenward-Roger,none,Dbc,2,mmrm,0.736,-0.134730586525504,0.0535005379794934,0.0501749394670936,0,250,0.00430297648113788,0.937839905204795,0.0278785939387194
5,CS,CO,alt,0,0.8,0.25,row,visit,us,CR2,none,Dbc,0.5,mmrm,0.812,-0.129302742017647,0.0484363563485579,0.0402152516892456,0,250,0.00430297648113788,0.830269960850244,0.0247108073522497
5,CS,CO,alt,0,0.8,0.25,row,visit,us,CR2,none,Dbc,1,mmrm,0.82,-0.131300779413889,0.0495473375652641,0.0410161193181514,0,250,0.00430297648113788,0.827816817889047,0.0242981480775799
5,CS,CO,alt,0,0.8,0.25,row,visit,us,CR2,none,Dbc,2,mmrm,0.808,-0.135461630639473,0.0520371850802066,0.043034209915466,0,250,0.00430297648113788,0.826989581568181,0.0249107205837166
5,CS,CO,alt,0,0.8,0.25,row,visit,us,Kenward-Roger,none,Dbc,0.5,mmrm,0.76,-0.129302742017647,0.0484363563485579,0.0455422391908086,0,250,0.00430297648113788,0.940249073713914,0.0270111088258146
5,CS,CO,alt,0,0.8,0.25,row,visit,us,Kenward-Roger,none,Dbc,1,mmrm,0.76,-0.131300779413889,0.0495473375652641,0.0463872930753786,0,250,0.00430297648113788,0.93622170947686,0.0270111088258146
5,CS,CO,alt,0,0.8,0.25,row,visit,us,Kenward-Roger,none,Dbc,2,mmrm,0.748,-0.135461630639473,0.0520371850802066,0.0485580507226618,0,250,0.00430297648113788,0.933141380492002,0.0274587690911301
6,CS,CO,alt,1,0.8,0.25,row,linear,car1,CR2,none,Dbc,0.5,lme,0.7,-0.128766918219408,0.0511345069793063,0.048580004448185,0,250,0.00430297648113986,0.950043470016146,0.0289827534923789
6,CS,CO,alt,1,0.8,0.25,row,linear,car1,CR2,none,Dbc,1,lme,0.688,-0.131415291631118,0.0525580724946684,0.0497688831291326,0,250,0.00430297648113986,0.946931285088153,0.0293022866001956
6,CS,CO,alt,1,0.8,0.25,row,linear,car1,CR2,none,Dbc,2,lme,0.664,-0.135436278199035,0.0559820154390442,0.0525412722321439,0,250,0.00430297648113986,0.938538418456071,0.0298733325894518
6,CS,CO,alt,1,0.8,0.25,row,linear,car1,CR2,none,Db,,lme,0.704,-0.128158995887316,0.0508672530925866,0.0483504243171613,0,250,0.00430297648113986,0.950521629881522,0.0288710235357183
6,CS,CO,alt,1,0.8,0.25,row,visit,car1,CR2,none,Dbc,0.5,lme,0.732,-0.128840249344619,0.0498115981230879,0.0468879879101016,0,250,0.00430297648113986,0.941306636945038,0.0280125686076804
6,CS,CO,alt,1,0.8,0.25,row,visit,car1,CR2,none,Dbc,1,lme,0.712,-0.131380672867735,0.050963714440213,0.0478225476582545,0,250,0.00430297648113986,0.938364642050502,0.0286395530691385
6,CS,CO,alt,1,0.8,0.25,row,visit,car1,CR2,none,Dbc,2,lme,0.7,-0.135354848778693,0.0540815894221328,0.0503352020357959,0,250,0.00430297648113986,0.930727121255728,0.0289827534923789
6,CS,CO,alt,1,0.8,0.25,row,visit,car1,CR2,none,Db,,lme,0.732,-0.128253465956304,0.0496254171519466,0.046713534959187,0,250,0.00430297648113986,0.941322766439549,0.0280125686076804
6,CS,CO,alt,1,0.8,0.25,row,linear,us,CR2,none,Dbc,0.5,mmrm,0.788,-0.130130886031394,0.0498419287827695,0.0421095750688916,0,250,0.00430297648113986,0.844862470158841,0.0258500290135234
6,CS,CO,alt,1,0.8,0.25,row,linear,us,CR2,none,Dbc,1,mmrm,0.788,-0.132853073710265,0.0511033953251581,0.0430071792933361,0,250,0.00430297648113986,0.841571856814839,0.0258500290135234
6,CS,CO,alt,1,0.8,0.25,row,linear,us,CR2,none,Dbc,2,mmrm,0.776,-0.137904063805619,0.0543003402885432,0.0451139011766798,0,250,0.00430297648113986,0.830821702717734,0.0263684660152994
6,CS,CO,alt,1,0.8,0.25,row,linear,us,Kenward-Roger,none,Dbc,0.5,mmrm,0.752,-0.130130886031394,0.0498419287827695,0.0475445684311121,0,250,0.00430297648113986,0.953907073667431,0.0273127076651144
6,CS,CO,alt,1,0.8,0.25,row,linear,us,Kenward-Roger,none,Dbc,1,mmrm,0.752,-0.132853073710265,0.0511033953251581,0.0484839141342956,0,250,0.00430297648113986,0.948741543018906,0.0273127076651144
6,CS,CO,alt,1,0.8,0.25,row,linear,us,Kenward-Roger,none,Dbc,2,mmrm,0.76,-0.137904063805619,0.0543003402885432,0.050914775751835,0,250,0.00430297648113986,0.937651135909686,0.0270111088258146
6,CS,CO,alt,1,0.8,0.25,row,visit,us,CR2,none,Dbc,0.5,mmrm,0.78,-0.128986392139931,0.0490701927241787,0.0412955829681202,0,250,0.00430297648113986,0.841561458709583,0.0261992366301005
6,CS,CO,alt,1,0.8,0.25,row,visit,us,CR2,none,Dbc,1,mmrm,0.788,-0.13162432503026,0.0501188784947586,0.0420225979320574,0,250,0.00430297648113986,0.838458465036325,0.0258500290135234
6,CS,CO,alt,1,0.8,0.25,row,visit,us,CR2,none,Dbc,2,mmrm,0.788,-0.136755148191719,0.0530062795263642,0.0438609330737694,0,250,0.00430297648113986,0.827466735369607,0.0258500290135234
6,CS,CO,alt,1,0.8,0.25,row,visit,us,Kenward-Roger,none,Dbc,0.5,mmrm,0.764,-0.128986392139931,0.0490701927241787,0.0464493181962864,0,250,0.00430297648113986,0.946589275843604,0.0268554649931816
6,CS,CO,alt,1,0.8,0.25,row,visit,us,Kenward-Roger,none,Dbc,1,mmrm,0.76,-0.13162432503026,0.0501188784947586,0.0472862607677259,0,250,0.00430297648113986,0.943482020904978,0.0270111088258146
6,CS,CO,alt,1,0.8,0.25,row,visit,us,Kenward-Roger,none,Dbc,2,mmrm,0.768,-0.136755148191719,0.0530062795263642,0.0494769711918148,0,250,0.00430297648113986,0.93341716554934,0.0266965166267062
7,CS,CO,null,0,0.8,0,row,linear,car1,CR2,none,Dbc,0.5,lme,0.064,0.00209181668480247,0.0537243339242479,0.0503165928673519,0,500,0.0999999999999996,0.93656987796813,0.0109456840809517
7,CS,CO,null,0,0.8,0,row,linear,car1,CR2,none,Dbc,1,lme,0.066,0.00237697192178166,0.0548574152662203,0.051513217437139,0,500,0.0999999999999996,0.939038363130089,0.0111035129576184
7,CS,CO,null,0,0.8,0,row,linear,car1,CR2,none,Dbc,2,lme,0.07,0.00280385532026272,0.0576987887305699,0.0542493655488469,0,500,0.0999999999999996,0.940216714118031,0.0114105214604767
7,CS,CO,null,0,0.8,0,row,linear,car1,CR2,none,Db,,lme,0.064,0.00201999380697058,0.0535089474187311,0.0500742128845934,0,500,0.0999999999999996,0.935810089717158,0.0109456840809517
7,CS,CO,null,0,0.8,0,row,visit,car1,CR2,none,Dbc,0.5,lme,0.064,0.00211372085033974,0.0510267240523813,0.0486239176208109,0,500,0.0999999999999996,0.952910823177599,0.0109456840809517
7,CS,CO,null,0,0.8,0,row,visit,car1,CR2,none,Dbc,1,lme,0.066,0.00238989248597631,0.0519669282760918,0.0496538286455839,0,500,0.0999999999999996,0.955489006042097,0.0111035129576184
7,CS,CO,null,0,0.8,0,row,visit,car1,CR2,none,Dbc,2,lme,0.066,0.00274836103099511,0.0546886460862872,0.0522939979955477,0,500,0.0999999999999996,0.956213066840945,0.0111035129576184
7,CS,CO,null,0,0.8,0,row,visit,car1,CR2,none,Db,,lme,0.064,0.00205894347106924,0.050861045153079,0.0484223840082255,0,500,0.0999999999999996,0.952052476752812,0.0109456840809517
7,CS,CO,null,0,0.8,0,row,linear,us,CR2,none,Dbc,0.5,mmrm,0.092,0.00271071461731468,0.0531795354477901,0.0444195750195571,0,500,0.0999999999999996,0.835275724872902,0.01292563344676
7,CS,CO,null,0,0.8,0,row,linear,us,CR2,none,Dbc,1,mmrm,0.092,0.0031680594112733,0.05445963533921,0.0453332771693253,0,500,0.0999999999999996,0.832419770844225,0.01292563344676
7,CS,CO,null,0,0.8,0,row,linear,us,CR2,none,Dbc,2,mmrm,0.096,0.00403558911268629,0.0572984999633603,0.0474895722145515,0,500,0.0999999999999996,0.828810042931644,0.0131745208641529
7,CS,CO,null,0,0.8,0,row,linear,us,Kenward-Roger,none,Dbc,0.5,mmrm,0.06,0.00271071461731468,0.0531795354477901,0.0500682245678207,0,500,0.0999999999999996,0.941494207240227,0.0106207344378814
7,CS,CO,null,0,0.8,0,row,linear,us,Kenward-Roger,none,Dbc,1,mmrm,0.056,0.0031680594112733,0.05445963533921,0.0510447788214885,0,500,0.0999999999999996,0.937295641139505,0.0102824121683582
7,CS,CO,null,0,0.8,0,row,linear,us,Kenward-Roger,none,Dbc,2,mmrm,0.06,0.00403558911268629,0.0572984999633603,0.0535322299295359,0,500,0.0999999999999996,0.934269308337343,0.0106207344378814
7,CS,CO,null,0,0.8,0,row,visit,us,CR2,none,Dbc,0.5,mmrm,0.1,0.0025060981707073,0.0515319972896792,0.0433811920943711,0,500,0.0999999999999996,0.841830209889021,0.0134164078649987
7,CS,CO,null,0,0.8,0,row,visit,us,CR2,none,Dbc,1,mmrm,0.094,0.00287608445336139,0.0526119403262057,0.0441390045344453,0,500,0.0999999999999996,0.838954128298134,0.0130509769749241
7,CS,CO,null,0,0.8,0,row,visit,us,CR2,none,Dbc,2,mmrm,0.098,0.00361713470367782,0.0552311168233506,0.0460677009624125,0,500,0.0999999999999996,0.834089614913163,0.0132963152790538
7,CS,CO,null,0,0.8,0,row,visit,us,Kenward-Roger,none,Dbc,0.5,mmrm,0.06,0.0025060981707073,0.0515319972896792,0.0486783427378512,0,500,0.0999999999999996,0.944623637702481,0.0106207344378814
7,CS,CO,null,0,0.8,0,row,visit,us,Kenward-Roger,none,Dbc,1,mmrm,0.062,0.00287608445336139,0.0526119403262057,0.0495531324343154,0,500,0.0999999999999996,0.941860956411701,0.0107848041243223
7,CS,CO,null,0,0.8,0,row,visit,us,Kenward-Roger,none,Dbc,2,mmrm,0.06,0.00361713470367782,0.0552311168233506,0.0517831251089404,0,500,0.0999999999999996,0.937571573549053,0.0106207344378814
8,CS,CO,null,1,0.8,0,row,linear,car1,CR2,none,Dbc,0.5,lme,0.056,-0.00253500753115836,0.0499463283775746,0.0495860142189014,0,500,0.0999999999999996,0.992785973055931,0.0102824121683582
8,CS,CO,null,1,0.8,0,row,linear,car1,CR2,none,Dbc,1,lme,0.052,-0.00274781051257894,0.0514057134878187,0.0508071699420938,0,500,0.0999999999999996,0.988356478198347,0.00992935043192655
8,CS,CO,null,1,0.8,0,row,linear,car1,CR2,none,Dbc,2,lme,0.046,-0.00292705542077002,0.0546060627659625,0.053581413268642,0,500,0.0999999999999996,0.981235609281847,0.00936845771725528
8,CS,CO,null,1,0.8,0,row,linear,car1,CR2,none,Db,,lme,0.05,-0.0024775108582474,0.0496479254855444,0.0493396358760199,0,500,0.0999999999999996,0.993790483559796,0.00974679434480896
8,CS,CO,null,1,0.8,0,row,visit,car1,CR2,none,Dbc,0.5,lme,0.046,-0.00149814314080011,0.0476863398086467,0.0479605448615006,0,500,0.0999999999999996,1.00575018032322,0.00936845771725528
8,CS,CO,null,1,0.8,0,row,visit,car1,CR2,none,Dbc,1,lme,0.048,-0.00163234106354601,0.0488703420778551,0.048915352397769,0,500,0.0999999999999996,1.00092101503694,0.00955991631762538
8,CS,CO,null,1,0.8,0,row,visit,car1,CR2,none,Dbc,2,lme,0.042,-0.00172532038225278,0.0516881060508264,0.051385877742221,0,500,0.0999999999999996,0.994152846143981,0.00897061870775924
8,CS,CO,null,1,0.8,0,row,visit,car1,CR2,none,Db,,lme,0.044,-0.00146541742233675,0.0474639184869741,0.047776390126074,0,500,0.0999999999999996,1.00658335108143,0.00917213170424411
8,CS,CO,null,1,0.8,0,row,linear,us,CR2,none,Dbc,0.5,mmrm,0.08,-0.0017285329519599,0.050269649686488,0.043929024374755,0,500,0.0999999999999996,0.87386772433711,0.0121326007104825
8,CS,CO,null,1,0.8,0,row,linear,us,CR2,none,Dbc,1,mmrm,0.086,-0.00190685979103814,0.0517940450981004,0.0448919587948767,0,500,0.0999999999999996,0.866739771142594,0.0125382614424808
8,CS,CO,null,1,0.8,0,row,linear,us,CR2,none,Dbc,2,mmrm,0.078,-0.00212031247621014,0.0550580891684438,0.0470873873914751,0,500,0.0999999999999996,0.855231049654062,0.0119929979571415
8,CS,CO,null,1,0.8,0,row,linear,us,Kenward-Roger,none,Dbc,0.5,mmrm,0.052,-0.0017285329519599,0.050269649686488,0.0501527098648574,0,500,0.0999999999999996,0.997673749024315,0.00992935043192655
8,CS,CO,null,1,0.8,0,row,linear,us,Kenward-Roger,none,Dbc,1,mmrm,0.054,-0.00190685979103814,0.0517940450981004,0.0511603014189125,0,500,0.0999999999999996,0.987764159412775,0.0101078187557949
8,CS,CO,null,1,0.8,0,row,linear,us,Kenward-Roger,none,Dbc,2,mmrm,0.056,-0.00212031247621014,0.0550580891684438,0.0536745109561241,0,500,0.0999999999999996,0.974870573366852,0.0102824121683582
8,CS,CO,null,1,0.8,0,row,visit,us,CR2,none,Dbc,0.5,mmrm,0.082,-0.000716177645121633,0.0484540095643866,0.0429094462115538,0,500,0.0999999999999996,0.885570597713589,0.0122699633251286
8,CS,CO,null,1,0.8,0,row,visit,us,CR2,none,Dbc,1,mmrm,0.082,-0.000811210752037368,0.0497001364817653,0.0436708378083356,0,500,0.0999999999999996,0.878686476532278,0.0122699633251286
8,CS,CO,null,1,0.8,0,row,visit,us,CR2,none,Dbc,2,mmrm,0.086,-0.000851029437022778,0.0525399877882908,0.0455494775126793,0,500,0.0999999999999996,0.866948764743157,0.0125382614424808
8,CS,CO,null,1,0.8,0,row,visit,us,Kenward-Roger,none,Dbc,0.5,mmrm,0.048,-0.000716177645121633,0.0484540095643866,0.0489656053549231,0,500,0.0999999999999996,1.01055837886557,0.00955991631762538
8,CS,CO,null,1,0.8,0,row,visit,us,Kenward-Roger,none,Dbc,1,mmrm,0.056,-0.000811210752037368,0.0497001364817653,0.049859129910798,0,500,0.0999999999999996,1.00319905417345,0.0102824121683582
8,CS,CO,null,1,0.8,0,row,visit,us,Kenward-Roger,none,Dbc,2,mmrm,0.052,-0.000851029437022778,0.0525399877882908,0.0521122348727997,0,500,0.0999999999999996,0.991858526552865,0.00992935043192655
9,C07,Hybrid,alt,0,0.7,0.45,row,linear,car1,CR2,none,Dbc,0.5,lme,0.876,-0.258718146007142,0.0806345941973125,0.0735852605841069,0,250,0.0419697506224579,0.912576807964632,0.0208445676376364
9,C07,Hybrid,alt,0,0.7,0.45,row,linear,car1,CR2,none,Dbc,1,lme,0.868,-0.273873667936326,0.0897594616972462,0.0820434981640804,0,250,0.0419697506224579,0.914037323895822,0.0214080358744094
9,C07,Hybrid,alt,0,0.7,0.45,row,linear,car1,CR2,none,Dbc,2,lme,0.836,-0.287749652312906,0.0978264497538665,0.0903730079521372,0,250,0.0419697506224579,0.923809544141873,0.0234182834554542
9,C07,Hybrid,alt,0,0.7,0.45,row,linear,car1,CR2,none,Db,,lme,0.916,-0.237309469485243,0.071566547564107,0.0658923273379175,0,250,0.0419697506224579,0.920714070759014,0.0175435458217545
9,C07,Hybrid,alt,0,0.7,0.45,row,visit,car1,CR2,none,Dbc,0.5,lme,0.88,-0.258005087371123,0.0811223983138952,0.0740627138208475,0,250,0.0419697506224579,0.912974904098237,0.0205523721258642
9,C07,Hybrid,alt,0,0.7,0.45,row,visit,car1,CR2,none,Dbc,1,lme,0.868,-0.272986971353065,0.0902218108144556,0.0824795332838157,0,250,0.0419697506224579,0.914186187788203,0.0214080358744094
9,C07,Hybrid,alt,0,0.7,0.45,row,visit,car1,CR2,none,Dbc,2,lme,0.832,-0.286853484602354,0.0981633955304062,0.0906942629731713,0,250,0.0419697506224579,0.923911224577381,0.0236453800984463
9,C07,Hybrid,alt,0,0.7,0.45,row,visit,car1,CR2,none,Db,,lme,0.9,-0.237178266016731,0.0719984646278434,0.0663832819972923,0,250,0.0419697506224579,0.92200968924024,0.0189736659610103
9,C07,Hybrid,alt,0,0.7,0.45,row,linear,us,CR2,none,Dbc,0.5,mmrm,0.94,-0.249270545003733,0.0729325644732829,0.0606055872348596,0,250,0.0419697506224579,0.830981162839282,0.0150199866844149
9,C07,Hybrid,alt,0,0.7,0.45,row,linear,us,CR2,none,Dbc,1,mmrm,0.912,-0.250949923152643,0.0769974581391725,0.065196333415831,0,250,0.0419697506224579,0.846733580451305,0.0179171426293369
9,C07,Hybrid,alt,0,0.7,0.45,row,linear,us,CR2,none,Dbc,2,mmrm,0.876,-0.238532009678511,0.0795597183955239,0.0685857895014662,0,250,0.0419697506224579,0.862066770529506,0.0208445676376364
9,C07,Hybrid,alt,0,0.7,0.45,row,linear,us,Kenward-Roger,none,Dbc,0.5,mmrm,0.928,-0.249270545003733,0.0729325644732829,0.0727960280458782,0,250,0.0419697506224579,0.998127908590754,0.0163482109112893
9,C07,Hybrid,alt,0,0.7,0.45,row,linear,us,Kenward-Roger,none,Dbc,1,mmrm,0.892,-0.250949923152643,0.0769974581391725,0.0779964922825775,0,250,0.0419697506224579,1.01297489771155,0.0196301808448114
9,C07,Hybrid,alt,0,0.7,0.45,row,linear,us,Kenward-Roger,none,Dbc,2,mmrm,0.84,-0.238532009678511,0.0795597183955239,0.0809715037275488,0,250,0.0419697506224579,1.01774497648429,0.0231862027939031
9,C07,Hybrid,alt,0,0.7,0.45,row,visit,us,CR2,none,Dbc,0.5,mmrm,0.94,-0.248417457598229,0.0728234712093633,0.0608049837365855,0,250,0.0419697506224579,0.834964095048075,0.0150199866844149
9,C07,Hybrid,alt,0,0.7,0.45,row,visit,us,CR2,none,Dbc,1,mmrm,0.912,-0.250125987049901,0.0771851908843722,0.0653018934028704,0,250,0.0419697506224579,0.84604174265367,0.0179171426293369
9,C07,Hybrid,alt,0,0.7,0.45,row,visit,us,CR2,none,Dbc,2,mmrm,0.872,-0.238930587530365,0.0798626290523235,0.0686379879020652,0,250,0.0419697506224579,0.859450643142435,0.0211296947446006
9,C07,Hybrid,alt,0,0.7,0.45,row,visit,us,Kenward-Roger,none,Dbc,0.5,mmrm,0.92,-0.248417457598229,0.0728234712093633,0.0727261989557026,0,250,0.0419697506224579,0.998664273316758,0.0171580884716218
9,C07,Hybrid,alt,0,0.7,0.45,row,visit,us,Kenward-Roger,none,Dbc,1,mmrm,0.896,-0.250125987049901,0.0771851908843722,0.0776094237236633,0,250,0.0419697506224579,1.00549629837577,0.0193063720051179
9,C07,Hybrid,alt,0,0.7,0.45,row,visit,us,Kenward-Roger,none,Dbc,2,mmrm,0.848,-0.238930587530365,0.0798626290523235,0.0805293302761702,0,250,0.0419697506224579,1.00834810012841,0.0227064748474967
10,C07,Hybrid,alt,1,0.7,0.45,row,linear,car1,CR2,none,Dbc,0.5,lme,0.724,-0.208109690917028,0.0773641927240857,0.0765250635457567,0,250,0.134639915857822,0.989153519880681,0.0282718234289902
10,C07,Hybrid,alt,1,0.7,0.45,row,linear,car1,CR2,none,Dbc,1,lme,0.744,-0.237271338736564,0.0845519439445644,0.0849247439252562,0,250,0.134639915857822,1.00440912370905,0.0276017390756452
10,C07,Hybrid,alt,1,0.7,0.45,row,linear,car1,CR2,none,Dbc,2,lme,0.776,-0.266407482159703,0.0910964907398613,0.0935095748736737,0,250,0.134639915857822,1.0264893204361,0.0263684660152994
10,C07,Hybrid,alt,1,0.7,0.45,row,linear,car1,CR2,none,Db,,lme,0.704,-0.177551499347906,0.0706828172922263,0.0690293992627571,0,250,0.134639915857822,0.976607921234471,0.0288710235357183
10,C07,Hybrid,alt,1,0.7,0.45,row,visit,car1,CR2,none,Dbc,0.5,lme,0.708,-0.207924943225035,0.0780655771941267,0.0768071512995505,0,250,0.134639915857822,0.983879887399706,0.0287566340172142
10,C07,Hybrid,alt,1,0.7,0.45,row,visit,car1,CR2,none,Dbc,1,lme,0.736,-0.236729298413294,0.0849240860822942,0.0851175753396735,0,250,0.134639915857822,1.00227837903598,0.0278785939387194
10,C07,Hybrid,alt,1,0.7,0.45,row,visit,car1,CR2,none,Dbc,2,lme,0.76,-0.265628106079485,0.0909515470912496,0.0935283174139909,0,250,0.134639915857822,1.02833124234991,0.0270111088258146
10,C07,Hybrid,alt,1,0.7,0.45,row,visit,car1,CR2,none,Db,,lme,0.692,-0.177998882833245,0.0715890171625618,0.0693543224676978,0,250,0.134639915857822,0.968784392027766,0.0291983561181105
10,C07,Hybrid,alt,1,0.7,0.45,row,linear,us,CR2,none,Dbc,0.5,mmrm,0.896,-0.223361411387393,0.0717877176262218,0.0622122393664543,0,250,0.134639915857822,0.866613975532356,0.0193063720051179
10,C07,Hybrid,alt,1,0.7,0.45,row,linear,us,CR2,none,Dbc,1,mmrm,0.904,-0.24257389150822,0.0750592108290933,0.0664443046768315,0,250,0.134639915857822,0.885225196786608,0.0186315860838523
10,C07,Hybrid,alt,1,0.7,0.45,row,linear,us,CR2,none,Dbc,2,mmrm,0.9,-0.24610272118854,0.0772869486015483,0.0695986223585708,0,250,0.134639915857822,0.90052232127038,0.0189736659610103
10,C07,Hybrid,alt,1,0.7,0.45,row,linear,us,Kenward-Roger,none,Dbc,0.5,mmrm,0.852,-0.223361411387393,0.0717877176262218,0.0731953456595523,0,250,0.134639915857822,1.0196082015124,0.0224584950519842
10,C07,Hybrid,alt,1,0.7,0.45,row,linear,us,Kenward-Roger,none,Dbc,1,mmrm,0.884,-0.24257389150822,0.0750592108290933,0.0778546658913092,0,250,0.134639915857822,1.03724333138249,0.0202528022752408
10,C07,Hybrid,alt,1,0.7,0.45,row,linear,us,Kenward-Roger,none,Dbc,2,mmrm,0.876,-0.24610272118854,0.0772869486015483,0.0805496823515786,0,250,0.134639915857822,1.04221584380115,0.0208445676376364
10,C07,Hybrid,alt,1,0.7,0.45,row,visit,us,CR2,none,Dbc,0.5,mmrm,0.9,-0.223402086070309,0.0718925983911093,0.062076590665573,0,250,0.134639915857822,0.863462888458484,0.0189736659610103
10,C07,Hybrid,alt,1,0.7,0.45,row,visit,us,CR2,none,Dbc,1,mmrm,0.904,-0.242182699641156,0.075142258407178,0.0663444383679735,0,250,0.134639915857822,0.882917811818601,0.0186315860838523
10,C07,Hybrid,alt,1,0.7,0.45,row,visit,us,CR2,none,Dbc,2,mmrm,0.896,-0.246213880801102,0.0776015331153822,0.0695507606422859,0,250,0.134639915857822,0.896254981700864,0.0193063720051179
10,C07,Hybrid,alt,1,0.7,0.45,row,visit,us,Kenward-Roger,none,Dbc,0.5,mmrm,0.856,-0.223402086070309,0.0718925983911093,0.072814153151972,0,250,0.134639915857822,1.01281849288364,0.0222048643319431
10,C07,Hybrid,alt,1,0.7,0.45,row,visit,us,Kenward-Roger,none,Dbc,1,mmrm,0.888,-0.242182699641156,0.075142258407178,0.0773653809943354,0,250,0.134639915857822,1.02958551731452,0.0199455258140767
10,C07,Hybrid,alt,1,0.7,0.45,row,visit,us,Kenward-Roger,none,Dbc,2,mmrm,0.884,-0.246213880801102,0.0776015331153822,0.0801088625790906,0,250,0.134639915857822,1.03231030835409,0.0202528022752408
11,C07,Hybrid,null,0,0.7,0,row,linear,car1,CR2,none,Dbc,0.5,lme,0.04,0.00381486979140104,0.0794725583296315,0.0809042900129488,0,500,0.154294260548186,1.0180154220955,0.00876356092008266
11,C07,Hybrid,null,0,0.7,0,row,linear,car1,CR2,none,Dbc,1,lme,0.04,0.00384959835066174,0.0876948498574904,0.0896469642667562,0,500,0.154294260548186,1.02226030847237,0.00876356092008266
11,C07,Hybrid,null,0,0.7,0,row,linear,car1,CR2,none,Dbc,2,lme,0.04,0.00459176995513732,0.0961906608810849,0.0983344774930652,0,500,0.154294260548186,1.02228715960929,0.00876356092008266
11,C07,Hybrid,null,0,0.7,0,row,linear,car1,CR2,none,Db,,lme,0.04,0.00407854502990081,0.0715424823685118,0.0727095197921785,0,500,0.154294260548186,1.01631250950527,0.00876356092008266
11,C07,Hybrid,null,0,0.7,0,row,visit,car1,CR2,none,Dbc,0.5,lme,0.04,0.00390225953664565,0.0798926477161921,0.0811134894498605,0,500,0.154294260548186,1.01528102733565,0.00876356092008266
11,C07,Hybrid,null,0,0.7,0,row,visit,car1,CR2,none,Dbc,1,lme,0.042,0.00404903393325855,0.0880651066095498,0.0898332879618862,0,500,0.154294260548186,1.02007811516286,0.00897061870775924
11,C07,Hybrid,null,0,0.7,0,row,visit,car1,CR2,none,Dbc,2,lme,0.042,0.00498622270142216,0.0966078244260211,0.0984087344123045,0,500,0.154294260548186,1.01864145059661,0.00897061870775924
11,C07,Hybrid,null,0,0.7,0,row,visit,car1,CR2,none,Db,,lme,0.046,0.00412150827629828,0.0720856457111804,0.0729316437686361,0,500,0.154294260548186,1.01173601275412,0.00936845771725528
11,C07,Hybrid,null,0,0.7,0,row,linear,us,CR2,none,Dbc,0.5,mmrm,0.082,0.00399734658935602,0.077883067846787,0.067747767928098,0,500,0.154294260548186,0.869865168400565,0.0122699633251286
11,C07,Hybrid,null,0,0.7,0,row,linear,us,CR2,none,Dbc,1,mmrm,0.084,0.00378224237501504,0.0827763391183481,0.0723674969111822,0,500,0.154294260548186,0.874253412049499,0.0124051602166195
11,C07,Hybrid,null,0,0.7,0,row,linear,us,CR2,none,Dbc,2,mmrm,0.082,0.00402367856764221,0.0856863028755857,0.0753260686283202,0,500,0.154294260548186,0.879091127758094,0.0122699633251286
11,C07,Hybrid,null,0,0.7,0,row,linear,us,Kenward-Roger,none,Dbc,0.5,mmrm,0.062,0.00399734658935602,0.077883067846787,0.0768108012438373,0,500,0.154294260548186,0.986232352774558,0.0107848041243223
11,C07,Hybrid,null,0,0.7,0,row,linear,us,Kenward-Roger,none,Dbc,1,mmrm,0.058,0.00378224237501504,0.0827763391183481,0.0820325545805701,0,500,0.154294260548186,0.991014527270715,0.0104533248299285
11,C07,Hybrid,null,0,0.7,0,row,linear,us,Kenward-Roger,none,Dbc,2,mmrm,0.066,0.00402367856764221,0.0856863028755857,0.0848238628164064,0,500,0.154294260548186,0.989934913396467,0.0111035129576184
11,C07,Hybrid,null,0,0.7,0,row,visit,us,CR2,none,Dbc,0.5,mmrm,0.082,0.00391098183138363,0.0781262537191915,0.0677513727406919,0,500,0.154294260548186,0.867203654538589,0.0122699633251286
11,C07,Hybrid,null,0,0.7,0,row,visit,us,CR2,none,Dbc,1,mmrm,0.084,0.00393234743736506,0.082919496121388,0.0723164007424047,0,500,0.154294260548186,0.872127836335846,0.0124051602166195
11,C07,Hybrid,null,0,0.7,0,row,visit,us,CR2,none,Dbc,2,mmrm,0.082,0.00431603736463172,0.0857557501701512,0.0752438138091684,0,500,0.154294260548186,0.877420040753819,0.0122699633251286
11,C07,Hybrid,null,0,0.7,0,row,visit,us,Kenward-Roger,none,Dbc,0.5,mmrm,0.06,0.00391098183138363,0.0781262537191915,0.0766933819268117,0,500,0.154294260548186,0.981659535378082,0.0106207344378814
11,C07,Hybrid,null,0,0.7,0,row,visit,us,Kenward-Roger,none,Dbc,1,mmrm,0.062,0.00393234743736506,0.082919496121388,0.0815994391540947,0,500,0.154294260548186,0.984080258213811,0.0107848041243223
11,C07,Hybrid,null,0,0.7,0,row,visit,us,Kenward-Roger,none,Dbc,2,mmrm,0.07,0.00431603736463172,0.0857557501701512,0.0843535132952328,0,500,0.154294260548186,0.983648479872939,0.0114105214604767
12,C07,Hybrid,null,1,0.7,0,row,linear,car1,CR2,none,Dbc,0.5,lme,0.052,0.000780879543142855,0.0818274877832928,0.0809251494681459,0,500,0.154294260548186,0.988972674835911,0.00992935043192655
12,C07,Hybrid,null,1,0.7,0,row,linear,car1,CR2,none,Dbc,1,lme,0.046,0.00131173376469261,0.0908012232325309,0.090266479784814,0,500,0.154294260548186,0.994110834318305,0.00936845771725528
12,C07,Hybrid,null,1,0.7,0,row,linear,car1,CR2,none,Dbc,2,lme,0.056,0.00150938802072105,0.100370226600255,0.0995993891035881,0,500,0.154294260548186,0.992320058220681,0.0102824121683582
12,C07,Hybrid,null,1,0.7,0,row,linear,car1,CR2,none,Db,,lme,0.056,0.000308837424737703,0.0736725395793107,0.0721903979488183,0,500,0.154294260548186,0.979882034215791,0.0102824121683582
12,C07,Hybrid,null,1,0.7,0,row,visit,car1,CR2,none,Dbc,0.5,lme,0.05,0.000924022428056988,0.0818708765342151,0.0815230000469333,0,500,0.154294260548186,0.99575091287637,0.00974679434480896
12,C07,Hybrid,null,1,0.7,0,row,visit,car1,CR2,none,Dbc,1,lme,0.044,0.00160664330188709,0.0905485980519582,0.0906737812455757,0,500,0.154294260548186,1.00138249731427,0.00917213170424411
12,C07,Hybrid,null,1,0.7,0,row,visit,car1,CR2,none,Dbc,2,lme,0.05,0.00197466446284522,0.0997997878474647,0.0997119269788676,0,500,0.154294260548186,0.999119628703706,0.00974679434480896
12,C07,Hybrid,null,1,0.7,0,row,visit,car1,CR2,none,Db,,lme,0.0541082164328657,0.00025863828847752,0.0739562722392398,0.0729031416467135,1,500,0.154294260548186,0.98576009092076,0.0101274955950964
12,C07,Hybrid,null,1,0.7,0,row,linear,us,CR2,none,Dbc,0.5,mmrm,0.098,0.00238205964351147,0.0812082487017621,0.0671366919702842,0,500,0.154294260548186,0.826722568748455,0.0132963152790538
12,C07,Hybrid,null,1,0.7,0,row,linear,us,CR2,none,Dbc,1,mmrm,0.104,0.00262917274934817,0.0872219380452025,0.0719348826129989,0,500,0.154294260548186,0.824733825287382,0.013651666564929
12,C07,Hybrid,null,1,0.7,0,row,linear,us,CR2,none,Dbc,2,mmrm,0.098,0.00241336704357084,0.0905131256020207,0.0748697432457389,0,500,0.154294260548186,0.827170012611602,0.0132963152790538
12,C07,Hybrid,null,1,0.7,0,row,linear,us,Kenward-Roger,none,Dbc,0.5,mmrm,0.064,0.00238205964351147,0.0812082487017621,0.0761905313242088,0,500,0.154294260548186,0.938211727776805,0.0109456840809517
12,C07,Hybrid,null,1,0.7,0,row,linear,us,Kenward-Roger,none,Dbc,1,mmrm,0.06,0.00262917274934817,0.0872219380452025,0.0813613824001627,0,500,0.154294260548186,0.932808697256846,0.0106207344378814
12,C07,Hybrid,null,1,0.7,0,row,linear,us,Kenward-Roger,none,Dbc,2,mmrm,0.064,0.00241336704357084,0.0905131256020207,0.0842286577279796,0,500,0.154294260548186,0.930568435989346,0.0109456840809517
12,C07,Hybrid,null,1,0.7,0,row,visit,us,CR2,none,Dbc,0.5,mmrm,0.098,0.00216036606151661,0.0806679985734941,0.0670900128349258,0,500,0.154294260548186,0.831680641906619,0.0132963152790538
12,C07,Hybrid,null,1,0.7,0,row,visit,us,CR2,none,Dbc,1,mmrm,0.104,0.00279958864866839,0.0865543929966713,0.0717888099018776,0,500,0.154294260548186,0.829406889892215,0.013651666564929
12,C07,Hybrid,null,1,0.7,0,row,visit,us,CR2,none,Dbc,2,mmrm,0.094,0.00283596803416025,0.0900416337274472,0.0746878237003307,0,500,0.154294260548186,0.829480992386344,0.0130509769749241
12,C07,Hybrid,null,1,0.7,0,row,visit,us,Kenward-Roger,none,Dbc,0.5,mmrm,0.066,0.00216036606151661,0.0806679985734941,0.0756934633519354,0,500,0.154294260548186,0.93833322619221,0.0111035129576184
12,C07,Hybrid,null,1,0.7,0,row,visit,us,Kenward-Roger,none,Dbc,1,mmrm,0.064,0.00279958864866839,0.0865543929966713,0.0807169719992945,0,500,0.154294260548186,0.932557773265174,0.0109456840809517
12,C07,Hybrid,null,1,0.7,0,row,visit,us,Kenward-Roger,none,Dbc,2,mmrm,0.06,0.00283596803416025,0.0900416337274472,0.083657178382101,0,500,0.154294260548186,0.929094407986068,0.0106207344378814
13,C07,CO,alt,0,0.7,0.45,row,linear,car1,CR2,none,Dbc,0.5,lme,0.684,-0.24018707629868,0.0914664363799858,0.0912505927198749,0,250,0.252543224874427,0.997640187279035,0.0294036732399202
13,C07,CO,alt,0,0.7,0.45,row,linear,car1,CR2,none,Dbc,1,lme,0.688,-0.244265272723243,0.0934154238532661,0.0932115117728661,0,250,0.252543224874427,0.997817147618789,0.0293022866001956
13,C07,CO,alt,0,0.7,0.45,row,linear,car1,CR2,none,Dbc,2,lme,0.676,-0.247848427551757,0.0964969772067221,0.0958678925605646,0,250,0.252543224874427,0.993480783912952,0.029598918899176
13,C07,CO,alt,0,0.7,0.45,row,linear,car1,CR2,none,Db,,lme,0.688,-0.239042534828887,0.0910208130636419,0.0907812100933611,0,250,0.252543224874427,0.997367602395363,0.0293022866001956
13,C07,CO,alt,0,0.7,0.45,row,visit,car1,CR2,none,Dbc,0.5,lme,0.7,-0.239607869784133,0.0921570489305102,0.0905751939042576,0,250,0.252543224874427,0.982835224818826,0.0289827534923789
13,C07,CO,alt,0,0.7,0.45,row,visit,car1,CR2,none,Dbc,1,lme,0.688,-0.243641086724083,0.0938655046222848,0.0924051483360903,0,250,0.252543224874427,0.984442034461211,0.0293022866001956
13,C07,CO,alt,0,0.7,0.45,row,visit,car1,CR2,none,Dbc,2,lme,0.688,-0.247164915029626,0.0967856358157062,0.0950336989111642,0,250,0.252543224874427,0.981898792214602,0.0293022866001956
13,C07,CO,alt,0,0.7,0.45,row,visit,car1,CR2,none,Db,,lme,0.7,-0.238471175249589,0.0917707599159145,0.0901411777938327,0,250,0.252543224874427,0.982242904781709,0.0289827534923789
13,C07,CO,alt,0,0.7,0.45,row,linear,us,CR2,none,Dbc,0.5,mmrm,0.836,-0.239419368699675,0.0830252219265686,0.0732004126013775,0,250,0.252543224874427,0.88166476286109,0.0234182834554542
13,C07,CO,alt,0,0.7,0.45,row,linear,us,CR2,none,Dbc,1,mmrm,0.836,-0.240381095698339,0.0833003850008509,0.073997755902834,0,250,0.252543224874427,0.888324296485282,0.0234182834554542
13,C07,CO,alt,0,0.7,0.45,row,linear,us,CR2,none,Dbc,2,mmrm,0.82,-0.235971236792867,0.0830939334048458,0.0744457067659009,0,250,0.252543224874427,0.895922285965096,0.0242981480775799
13,C07,CO,alt,0,0.7,0.45,row,linear,us,Kenward-Roger,none,Dbc,0.5,mmrm,0.808,-0.239419368699675,0.0830252219265686,0.0848038391184648,0,250,0.252543224874427,1.02142261291959,0.0249107205837166
13,C07,CO,alt,0,0.7,0.45,row,linear,us,Kenward-Roger,none,Dbc,1,mmrm,0.808,-0.240381095698339,0.0833003850008509,0.0857996020966443,0,250,0.252543224874427,1.03000246752482,0.0249107205837166
13,C07,CO,alt,0,0.7,0.45,row,linear,us,Kenward-Roger,none,Dbc,2,mmrm,0.796,-0.235971236792867,0.0830939334048458,0.0866528776621245,0,250,0.252543224874427,1.04283037414945,0.0254859961547513
13,C07,CO,alt,0,0.7,0.45,row,visit,us,CR2,none,Dbc,0.5,mmrm,0.84,-0.238715058320623,0.0842764384804368,0.0725647042730003,0,250,0.252543224874427,0.861031927563536,0.0231862027939031
13,C07,CO,alt,0,0.7,0.45,row,visit,us,CR2,none,Dbc,1,mmrm,0.836,-0.240056312114471,0.0845175144985745,0.073321457342216,0,250,0.252543224874427,0.86752973957194,0.0234182834554542
13,C07,CO,alt,0,0.7,0.45,row,visit,us,CR2,none,Dbc,2,mmrm,0.812,-0.236280608794594,0.0843758730997083,0.0738577349332167,0,250,0.252543224874427,0.875341874636815,0.0247108073522497
13,C07,CO,alt,0,0.7,0.45,row,visit,us,Kenward-Roger,none,Dbc,0.5,mmrm,0.8,-0.238715058320623,0.0842764384804368,0.0839205484268379,0,250,0.252543224874427,0.995777110898184,0.025298221281347
13,C07,CO,alt,0,0.7,0.45,row,visit,us,Kenward-Roger,none,Dbc,1,mmrm,0.792,-0.240056312114471,0.0845175144985745,0.0848742358723372,0,250,0.252543224874427,1.0042206798896,0.0256699045576722
13,C07,CO,alt,0,0.7,0.45,row,visit,us,Kenward-Roger,none,Dbc,2,mmrm,0.788,-0.236280608794594,0.0843758730997083,0.0856147009533102,0,250,0.252543224874427,1.01468225226112,0.0258500290135234
14,C07,CO,alt,1,0.7,0.45,row,linear,car1,CR2,none,Dbc,0.5,lme,0.716,-0.226117363924247,0.0895381859599113,0.0867904211063022,0,250,0.252543224874427,0.969311810104804,0.0285197475444647
14,C07,CO,alt,1,0.7,0.45,row,linear,car1,CR2,none,Dbc,1,lme,0.72,-0.232007467233868,0.0920419598733367,0.0886043352704641,0,250,0.252543224874427,0.962651549275969,0.0283971829588782
14,C07,CO,alt,1,0.7,0.45,row,linear,car1,CR2,none,Dbc,2,lme,0.736,-0.239295038121009,0.0954358747443957,0.090957749265796,0,250,0.252543224874427,0.953077126493644,0.0278785939387194
14,C07,CO,alt,1,0.7,0.45,row,linear,car1,CR2,none,Db,,lme,0.724,-0.224630452127857,0.0889524717896937,0.0863514347357747,0,250,0.252543224874427,0.97075924927563,0.0282718234289902
14,C07,CO,alt,1,0.7,0.45,row,visit,car1,CR2,none,Dbc,0.5,lme,0.72,-0.225702471751225,0.0892576055087395,0.0865128915429035,0,250,0.252543224874427,0.969249522769606,0.0283971829588782
14,C07,CO,alt,1,0.7,0.45,row,visit,car1,CR2,none,Dbc,1,lme,0.724,-0.23156770068763,0.0916043680040409,0.0881632340293263,0,250,0.252543224874427,0.962434826529638,0.0282718234289902
14,C07,CO,alt,1,0.7,0.45,row,visit,car1,CR2,none,Dbc,2,lme,0.744,-0.238873551357997,0.0948405883930721,0.0904053453608111,0,250,0.252543224874427,0.953234758372873,0.0276017390756452
14,C07,CO,alt,1,0.7,0.45,row,visit,car1,CR2,none,Db,,lme,0.72,-0.224222353264822,0.0887101978163633,0.0861154096561806,0,250,0.252543224874427,0.970749832329829,0.0283971829588782
14,C07,CO,alt,1,0.7,0.45,row,linear,us,CR2,none,Dbc,0.5,mmrm,0.852,-0.228913266221534,0.0799359670258244,0.0703956349269987,0,250,0.252543224874427,0.880650319827324,0.0224584950519842
14,C07,CO,alt,1,0.7,0.45,row,linear,us,CR2,none,Dbc,1,mmrm,0.844,-0.232040511756004,0.0810909767852494,0.0712529608568702,0,250,0.252543224874427,0.878679277049124,0.0229489869057438
14,C07,CO,alt,1,0.7,0.45,row,linear,us,CR2,none,Dbc,2,mmrm,0.82,-0.232145651370564,0.0820868467665777,0.0718658873255906,0,250,0.252543224874427,0.875486026768071,0.0242981480775799
14,C07,CO,alt,1,0.7,0.45,row,linear,us,Kenward-Roger,none,Dbc,0.5,mmrm,0.796,-0.228913266221534,0.0799359670258244,0.0821522110522107,0,250,0.252543224874427,1.0277252419511,0.0254859961547513
14,C07,CO,alt,1,0.7,0.45,row,linear,us,Kenward-Roger,none,Dbc,1,mmrm,0.796,-0.232040511756004,0.0810909767852494,0.0830984624412888,0,250,0.252543224874427,1.0247559683657,0.0254859961547513
14,C07,CO,alt,1,0.7,0.45,row,linear,us,Kenward-Roger,none,Dbc,2,mmrm,0.796,-0.232145651370564,0.0820868467665777,0.0839045422123523,0,250,0.252543224874427,1.02214356522846,0.0254859961547513
14,C07,CO,alt,1,0.7,0.45,row,visit,us,CR2,none,Dbc,0.5,mmrm,0.844,-0.22839528356121,0.0793256632162685,0.0701185458529547,0,250,0.252543224874427,0.883932677143687,0.0229489869057438
14,C07,CO,alt,1,0.7,0.45,row,visit,us,CR2,none,Dbc,1,mmrm,0.852,-0.231680574206434,0.0804517360546467,0.0709265311671879,0,250,0.252543224874427,0.88160348856874,0.0224584950519842
14,C07,CO,alt,1,0.7,0.45,row,visit,us,CR2,none,Dbc,2,mmrm,0.84,-0.232189866767766,0.0815420793037717,0.0715949904153054,0,250,0.252543224874427,0.878012812851999,0.0231862027939031
14,C07,CO,alt,1,0.7,0.45,row,visit,us,Kenward-Roger,none,Dbc,0.5,mmrm,0.784,-0.22839528356121,0.0793256632162685,0.0816304660431715,0,250,0.252543224874427,1.02905494556811,0.0260264480865138
14,C07,CO,alt,1,0.7,0.45,row,visit,us,Kenward-Roger,none,Dbc,1,mmrm,0.792,-0.231680574206434,0.0804517360546467,0.0825329960627092,0,250,0.252543224874427,1.02586967180732,0.0256699045576722
14,C07,CO,alt,1,0.7,0.45,row,visit,us,Kenward-Roger,none,Dbc,2,mmrm,0.792,-0.232189866767766,0.0815420793037717,0.08323101609833,0,250,0.252543224874427,1.02071245679506,0.0256699045576722
15,C07,CO,null,0,0.7,0,row,linear,car1,CR2,none,Dbc,0.5,lme,0.052,-0.000444730022970031,0.0967681261337277,0.0933627253518694,0,500,0.344552681946722,0.96480865220897,0.00992935043192655
15,C07,CO,null,0,0.7,0,row,linear,car1,CR2,none,Dbc,1,lme,0.052,-0.000554401799583923,0.0989635159429524,0.0953538501354724,0,500,0.344552681946722,0.963525287343663,0.00992935043192655
15,C07,CO,null,0,0.7,0,row,linear,car1,CR2,none,Dbc,2,lme,0.062,-0.000847498186480062,0.101882490893094,0.0979446462489383,0,500,0.344552681946722,0.961349152247491,0.0107848041243223
15,C07,CO,null,0,0.7,0,row,linear,car1,CR2,none,Db,,lme,0.05,-0.00042892539269943,0.096227886470448,0.0928758842430803,0,500,0.344552681946722,0.965165999687657,0.00974679434480896
15,C07,CO,null,0,0.7,0,row,visit,car1,CR2,none,Dbc,0.5,lme,0.042,-0.0002722581103943,0.0951745981357874,0.0929873732924123,0,500,0.344552681946722,0.97701881714011,0.00897061870775924
15,C07,CO,null,0,0.7,0,row,visit,car1,CR2,none,Dbc,1,lme,0.052,-0.000380001471902744,0.0972195554845451,0.0948575754061106,0,500,0.344552681946722,0.975704681361045,0.00992935043192655
15,C07,CO,null,0,0.7,0,row,visit,car1,CR2,none,Dbc,2,lme,0.058,-0.000672229933977834,0.100055859646434,0.0974324295617411,0,500,0.344552681946722,0.973780345359449,0.0104533248299285
15,C07,CO,null,0,0.7,0,row,visit,car1,CR2,none,Db,,lme,0.042,-0.000257391540418664,0.0946741082627467,0.0925346675575376,0,500,0.344552681946722,0.977402050629603,0.00897061870775924
15,C07,CO,null,0,0.7,0,row,linear,us,CR2,none,Dbc,0.5,mmrm,0.088,0.00156273851261564,0.0908197997488659,0.0764378876686537,0,500,0.344552681946722,0.841643428856033,0.0126693330526907
15,C07,CO,null,0,0.7,0,row,linear,us,CR2,none,Dbc,1,mmrm,0.09,0.00158015044506853,0.0916476035747297,0.0772625003975296,0,500,0.344552681946722,0.843038959927954,0.0127984374046209
15,C07,CO,null,0,0.7,0,row,linear,us,CR2,none,Dbc,2,mmrm,0.086,0.0016770249682868,0.0918262928679137,0.0776606525212245,0,500,0.344552681946722,0.845734376241612,0.0125382614424808
15,C07,CO,null,0,0.7,0,row,linear,us,Kenward-Roger,none,Dbc,0.5,mmrm,0.056,0.00156273851261564,0.0908197997488659,0.0858697225138791,0,500,0.344552681946722,0.945495616058671,0.0102824121683582
15,C07,CO,null,0,0.7,0,row,linear,us,Kenward-Roger,none,Dbc,1,mmrm,0.062,0.00158015044506853,0.0916476035747297,0.0868080754529577,0,500,0.344552681946722,0.94719416620833,0.0107848041243223
15,C07,CO,null,0,0.7,0,row,linear,us,Kenward-Roger,none,Dbc,2,mmrm,0.058,0.0016770249682868,0.0918262928679137,0.0874856082253288,0,500,0.344552681946722,0.952729392562665,0.0104533248299285
15,C07,CO,null,0,0.7,0,row,visit,us,CR2,none,Dbc,0.5,mmrm,0.08,0.00157767897352021,0.0891241534979461,0.0760452234342553,0,500,0.344552681946722,0.853250442777083,0.0121326007104825
15,C07,CO,null,0,0.7,0,row,visit,us,CR2,none,Dbc,1,mmrm,0.084,0.00154060429239462,0.0900693771525889,0.0768572105187989,0,500,0.344552681946722,0.853311224619586,0.0124051602166195
15,C07,CO,null,0,0.7,0,row,visit,us,CR2,none,Dbc,2,mmrm,0.086,0.00150734656109142,0.0906198699637375,0.0773788643612985,0,500,0.344552681946722,0.853884080745895,0.0125382614424808
15,C07,CO,null,0,0.7,0,row,visit,us,Kenward-Roger,none,Dbc,0.5,mmrm,0.052,0.00157767897352021,0.0891241534979461,0.0851684267773385,0,500,0.344552681946722,0.955615547914306,0.00992935043192655
15,C07,CO,null,0,0.7,0,row,visit,us,Kenward-Roger,none,Dbc,1,mmrm,0.052,0.00154060429239462,0.0900693771525889,0.0860669991279282,0,500,0.344552681946722,0.955563387344401,0.00992935043192655
15,C07,CO,null,0,0.7,0,row,visit,us,Kenward-Roger,none,Dbc,2,mmrm,0.054,0.00150734656109142,0.0906198699637375,0.0866245799972536,0,500,0.344552681946722,0.955911546020948,0.0101078187557949
16,C07,CO,null,1,0.7,0,row,linear,car1,CR2,none,Dbc,0.5,lme,0.048,-0.000170590560097666,0.0936528956253333,0.0939669771950089,0,500,0.344552681946722,1.00335367708151,0.00955991631762538
16,C07,CO,null,1,0.7,0,row,linear,car1,CR2,none,Dbc,1,lme,0.052,-0.000227907578179866,0.0959986590940354,0.0961515483776947,0,500,0.344552681946722,1.00159261895012,0.00992935043192655
16,C07,CO,null,1,0.7,0,row,linear,car1,CR2,none,Dbc,2,lme,0.052,-0.000184075282265702,0.0994888536500775,0.0990770479918551,0,500,0.344552681946722,0.995860785976379,0.00992935043192655
16,C07,CO,null,1,0.7,0,row,linear,car1,CR2,none,Db,,lme,0.046,-0.00013926965452505,0.0931053449813748,0.0934421892841812,0,500,0.344552681946722,1.00361788362283,0.00936845771725528
16,C07,CO,null,1,0.7,0,row,visit,car1,CR2,none,Dbc,0.5,lme,0.056,-0.000127211086580184,0.0941081479645594,0.0938290674343224,0,500,0.344552681946722,0.997034470061592,0.0102824121683582
16,C07,CO,null,1,0.7,0,row,visit,car1,CR2,none,Dbc,1,lme,0.052,-0.000177791369975183,0.0963580730025938,0.0958663897126456,0,500,0.344552681946722,0.994897331644075,0.00992935043192655
16,C07,CO,null,1,0.7,0,row,visit,car1,CR2,none,Dbc,2,lme,0.056,-0.000108010009315126,0.0997679946695659,0.0986747266372215,0,500,0.344552681946722,0.989041896291839,0.0102824121683582
16,C07,CO,null,1,0.7,0,row,visit,car1,CR2,none,Db,,lme,0.056,-9.69516486302869e-05,0.0935832260291455,0.0933402789229961,0,500,0.344552681946722,0.997403946022616,0.0102824121683582
16,C07,CO,null,1,0.7,0,row,linear,us,CR2,none,Dbc,0.5,mmrm,0.07,-0.000411333171957533,0.0884825718496752,0.0767214776456069,0,500,0.344552681946722,0.867080104497307,0.0114105214604767
16,C07,CO,null,1,0.7,0,row,linear,us,CR2,none,Dbc,1,mmrm,0.072,-0.000294998827851338,0.0898786262964177,0.0776137029267328,0,500,0.344552681946722,0.863539042872824,0.0115599307956406
16,C07,CO,null,1,0.7,0,row,linear,us,CR2,none,Dbc,2,mmrm,0.086,5.58097960725989e-05,0.0912885650581968,0.078083384299345,0,500,0.344552681946722,0.855346825197291,0.0125382614424808
16,C07,CO,null,1,0.7,0,row,linear,us,Kenward-Roger,none,Dbc,0.5,mmrm,0.056,-0.000411333171957533,0.0884825718496752,0.0859837622758936,0,500,0.344552681946722,0.971759302181825,0.0102824121683582
16,C07,CO,null,1,0.7,0,row,linear,us,Kenward-Roger,none,Dbc,1,mmrm,0.054,-0.000294998827851338,0.0898786262964177,0.086918721609822,0,500,0.344552681946722,0.967067757835617,0.0101078187557949
16,C07,CO,null,1,0.7,0,row,linear,us,Kenward-Roger,none,Dbc,2,mmrm,0.068,5.58097960725989e-05,0.0912885650581968,0.0875514861339732,0,500,0.344552681946722,0.95906301165057,0.0112584190719657
16,C07,CO,null,1,0.7,0,row,visit,us,CR2,none,Dbc,0.5,mmrm,0.078,-0.00028247882995327,0.0881775721745473,0.076336656849869,0,500,0.344552681946722,0.865715112894703,0.0119929979571415
16,C07,CO,null,1,0.7,0,row,visit,us,CR2,none,Dbc,1,mmrm,0.084,-0.000195939868582613,0.0895226904182321,0.0771917176715961,0,500,0.344552681946722,0.862258688953291,0.0124051602166195
16,C07,CO,null,1,0.7,0,row,visit,us,CR2,none,Dbc,2,mmrm,0.088,7.94442883113451e-05,0.0909523852097994,0.0777399555681367,0,500,0.344552681946722,0.854732455765886,0.0126693330526907
16,C07,CO,null,1,0.7,0,row,visit,us,Kenward-Roger,none,Dbc,0.5,mmrm,0.048,-0.00028247882995327,0.0881775721745473,0.0854783862516301,0,500,0.344552681946722,0.969389201172673,0.00955991631762538
16,C07,CO,null,1,0.7,0,row,visit,us,Kenward-Roger,none,Dbc,1,mmrm,0.056,-0.000195939868582613,0.0895226904182321,0.0863681092444026,0,500,0.344552681946722,0.964762216605736,0.0102824121683582
16,C07,CO,null,1,0.7,0,row,visit,us,Kenward-Roger,none,Dbc,2,mmrm,0.068,7.94442883113451e-05,0.0909523852097994,0.0868967017605263,0,500,0.344552681946722,0.955408718090044,0.0112584190719657
