arm,design,c.bm,t_half,power,power_adj,mean_beta,emp_sd,mean_se
A,CO,0.25,0,0.68,0.7,-0.128630998353924,0.0489915045306065,0.0531742086692979
A,CO,0.25,0.1,0.286,0.3,-0.0760743503744052,0.049553648328257,0.0532593185611406
A,CO,0.25,0.2,0.32,0.292,-0.0831826373119738,0.0527287331019463,0.0538552809980103
A,CO,0.25,0.5,0.29,0.308,-0.0783239045510332,0.0488491561170868,0.053296077796001
A,CO,0.25,1,0.34,0.43,-0.0822727658951401,0.0515273005506143,0.0540606512752939
A,Hybrid,0.25,0,0.588,0.738,-0.126626468606572,0.0548108567748381,0.05760923724169
A,Hybrid,0.25,0.1,0.078,0.09,-0.0292143527224716,0.0553589805409876,0.0576036609280233
A,Hybrid,0.3,0.1,0.092,0.122,-0.038025683894184,0.0563141072872951,0.0577725723270675
A,Hybrid,0.6,0.1,0.24,0.284,-0.0703518959618579,0.0551749580978806,0.0576895172264861
A,Hybrid,0.25,0.2,0.082,0.046,-0.0278243797412687,0.0577954310292233,0.0578326215118469
A,Hybrid,0.3,0.2,0.088,0.054,-0.0399377537082182,0.0548540082954133,0.0575226934161162
A,Hybrid,0.6,0.2,0.272,0.204,-0.0754649827839574,0.0585032668675028,0.057575409120775
A,Hybrid,0.25,0.5,0.094,0.122,-0.0312088978560175,0.0592843849818328,0.0581244921848398
A,Hybrid,0.3,0.5,0.092,0.114,-0.0353015065172741,0.0579108969674298,0.0581662993788551
A,Hybrid,0.6,0.5,0.266,0.314,-0.0731942754180934,0.0586898313274574,0.058223558192166
A,Hybrid,0.25,1,0.096,0.094,-0.0333762981085108,0.0596123018391991,0.0592258684603265
A,Hybrid,0.3,1,0.078,0.078,-0.0361266098202021,0.0555389672252791,0.0595295597113134
A,Hybrid,0.6,1,0.21,0.208,-0.0715363113427074,0.056413091286063,0.0591909850582958
A,OL+BDC,0.25,0,0.566,0.52,-0.132801983925604,0.0678642754003978,0.0611944744063611
A,OL+BDC,0.25,0.1,0.118,0.066,-0.0434011847788607,0.0638681161428437,0.0615662477167795
A,OL+BDC,0.3,0.1,0.166,0.09,-0.0516901486286193,0.0708524824163172,0.0618377685444362
A,OL+BDC,0.6,0.1,0.372,0.25,-0.0953776421795085,0.0693334221331096,0.0614731166403449
A,OL+BDC,0.25,0.2,0.122,0.104,-0.0395804734621319,0.0710870229278273,0.0615438170834897
A,OL+BDC,0.3,0.2,0.16,0.14,-0.0515183619330119,0.0676475885770135,0.0618914662139545
A,OL+BDC,0.6,0.2,0.372,0.332,-0.0954223298163258,0.068293825902819,0.0611115818970369
A,OL+BDC,0.25,0.5,0.128,0.1,-0.0367519309871653,0.0682520749351862,0.0612000426202942
A,OL+BDC,0.3,0.5,0.156,0.126,-0.0509612503773706,0.0669856586666795,0.0610649521251605
A,OL+BDC,0.6,0.5,0.388,0.326,-0.103533284875363,0.0669867335257768,0.0612823276107351
A,OL+BDC,0.25,1,0.124,0.098,-0.0373841117314265,0.0675353321827685,0.0608532578805999
A,OL+BDC,0.3,1,0.134,0.09,-0.0463884644718651,0.0680108688390782,0.0614333754256784
A,OL+BDC,0.6,1,0.37,0.296,-0.0958566362263426,0.0704046981750427,0.0614682714720674
B,CO,0.25,0,0.4,0.356,-0.138904771042791,0.0945614366526335,0.0861692305658361
B,CO,0.3,0,0.442,0.376,-0.154845402472187,0.0953754435493185,0.0859260319861356
B,CO,0.6,0,0.952,0.924,-0.310652399316741,0.0873749150636023,0.0851191117857425
B,CO,0.25,0.1,0.18,0.136,-0.0853081985081206,0.0904080490509303,0.0870382663140026
B,CO,0.3,0.1,0.214,0.166,-0.0986619311261711,0.0914258961465788,0.0872468872438779
B,CO,0.25,0.2,0.162,0.162,-0.0826826647971758,0.0942340773783708,0.0870437248804872
B,CO,0.3,0.2,0.25,0.224,-0.102435763984131,0.0837248182983754,0.0860711026803687
B,CO,0.25,0.5,0.186,0.158,-0.0867852329276837,0.0943771219951314,0.0858540698301629
B,CO,0.3,0.5,0.252,0.216,-0.0979413239959133,0.0962062185734279,0.0867920089762878
B,CO,0.25,1,0.18,0.164,-0.0828939573210976,0.0881815291172778,0.0864316461066072
B,CO,0.3,1,0.26,0.238,-0.107879370925149,0.0950925949359211,0.0869849400651588
B,Hybrid,0.25,0,0.442,0.444,-0.131061407402681,0.0703384052953514,0.0736013188317779
B,Hybrid,0.25,0.1,0.058,0.056,-0.0314169128038571,0.0726122690616309,0.0732949188222596
B,Hybrid,0.3,0.1,0.058,0.056,-0.0323783022493943,0.0714232371721892,0.0740960694120102
B,Hybrid,0.25,0.2,0.064,0.076,-0.0295061215948246,0.0724441415384221,0.0737023910682921
B,Hybrid,0.3,0.2,0.052,0.076,-0.0267113174072679,0.0726588293061917,0.0736793394531983
B,Hybrid,0.25,0.5,0.064,0.09,-0.0262344046009789,0.0718132702332993,0.0739450818021299
B,Hybrid,0.3,0.5,0.058,0.082,-0.0343648807628654,0.0697062303592467,0.07386327157631
B,Hybrid,0.25,1,0.06,0.116,-0.0299488628807426,0.0716988441126027,0.0740841007808402
B,Hybrid,0.3,1,0.062,0.138,-0.0370979765092165,0.0727361894751547,0.0748071204156493
B,OL+BDC,0.25,0,0.346,0.432,-0.128263135535326,0.0743641625440439,0.0826297136814763
B,OL+BDC,0.3,0,0.496,0.578,-0.161184708287809,0.0744270983948688,0.0825567035673339
B,OL+BDC,0.25,0.1,0.074,0.114,-0.0364459061672809,0.0834080320451586,0.0825734922396566
B,OL+BDC,0.3,0.1,0.038,0.066,-0.0433652419925189,0.0723261905608812,0.0829418283568229
B,OL+BDC,0.25,0.2,0.054,0.118,-0.0331687145001063,0.0774190847670584,0.0822979974407114
B,OL+BDC,0.3,0.2,0.05,0.12,-0.0432447402721024,0.0725080149709161,0.0816670494982045
B,OL+BDC,0.25,0.5,0.058,0.124,-0.0339000518745005,0.0811949205970724,0.0820032205582706
B,OL+BDC,0.3,0.5,0.06,0.134,-0.0438711032535198,0.0778343668109102,0.0832262187443405
B,OL+BDC,0.25,1,0.086,0.098,-0.0399512554728443,0.0773618141548314,0.0827182963468413
B,OL+BDC,0.3,1,0.104,0.116,-0.0482275342117163,0.0850048445480938,0.0832804461468015
C,CO,0.25,0,0.33,0.276,-0.129841831081026,0.0911608756997094,0.086152863492907
C,CO,0.3,0,0.458,0.406,-0.156130212518195,0.0887906531239946,0.085466420923599
C,CO,0.6,0,0.948,0.928,-0.31096100041487,0.0855396454630099,0.0846909590030886
C,CO,0.25,0.1,0.352,0.278,-0.129822442061031,0.0943196347903829,0.0850952638118352
C,CO,0.3,0.1,0.426,0.356,-0.152030305171619,0.0950993573871115,0.0855734502969809
C,CO,0.6,0.1,0.966,0.94,-0.308317787686223,0.0840562996491665,0.084303504033874
C,CO,0.25,0.2,0.298,0.242,-0.124625394961224,0.0912807040938067,0.085617934017369
C,CO,0.3,0.2,0.456,0.39,-0.156439340877868,0.0901781007988911,0.0858998713569537
C,CO,0.6,0.2,0.966,0.956,-0.31731982127297,0.0834807231733963,0.0844462035248266
C,CO,0.25,0.5,0.336,0.264,-0.127529635038627,0.0919482427163537,0.0860777842559475
C,CO,0.3,0.5,0.488,0.388,-0.160983799484436,0.0927169726718541,0.0859082288265225
C,CO,0.6,0.5,0.952,0.916,-0.318233308796109,0.0922655965324912,0.083758034405213
C,CO,0.25,1,0.352,0.292,-0.132392600084572,0.0943133523725761,0.0860701908649879
C,CO,0.3,1,0.414,0.328,-0.144369204171224,0.100324311360146,0.085424758784476
C,CO,0.6,1,0.954,0.936,-0.301043610975367,0.0802361360735123,0.0839180511946872
C,Hybrid,0.25,0,0.506,0.522,-0.1279180647314,0.0616341933120682,0.0653669066840556
C,Hybrid,0.3,0,0.69,0.702,-0.156621767523682,0.0593037613236325,0.0656089871822767
C,Hybrid,0.25,0.1,0.476,0.498,-0.128456769336451,0.0616826930882681,0.065786879648877
C,Hybrid,0.3,0.1,0.7,0.706,-0.161450455524225,0.0636157037035749,0.0659753790205993
C,Hybrid,0.25,0.2,0.524,0.528,-0.127903121558478,0.0640501216935094,0.0656077438302035
C,Hybrid,0.3,0.2,0.716,0.72,-0.157047621420008,0.0581331566279118,0.0653244011468379
C,Hybrid,0.25,0.5,0.406,0.372,-0.114425311150184,0.0645678921961773,0.0659891243199841
C,Hybrid,0.3,0.5,0.546,0.524,-0.135227114215861,0.0617265359730016,0.0657031091069835
C,Hybrid,0.25,1,0.276,0.29,-0.0952348662080609,0.063171803631298,0.0659372053132197
C,Hybrid,0.3,1,0.36,0.37,-0.108552522401111,0.0606599990500181,0.0664913562897198
C,OL+BDC,0.25,0,0.392,0.422,-0.126860731105024,0.065300034778483,0.075376091795877
C,OL+BDC,0.3,0,0.552,0.608,-0.155784002174203,0.0684762930204007,0.0750923883321909
C,OL+BDC,0.25,0.1,0.386,0.406,-0.127500776312514,0.0648538344823967,0.0749972669996109
C,OL+BDC,0.3,0.1,0.538,0.564,-0.154411146350681,0.0677862467201576,0.0746484967601058
C,OL+BDC,0.25,0.2,0.386,0.464,-0.125788577108871,0.0698827547138492,0.0745433080152136
C,OL+BDC,0.3,0.2,0.572,0.642,-0.15674116174628,0.070480780066005,0.07432597097079
C,OL+BDC,0.25,0.5,0.284,0.328,-0.106505200385981,0.0709452201329712,0.0755057713044326
C,OL+BDC,0.3,0.5,0.412,0.456,-0.132741889965975,0.0658427013271258,0.0750484888251326
C,OL+BDC,0.25,1,0.192,0.228,-0.0842967897825369,0.0701007358969403,0.0756718841247032
C,OL+BDC,0.3,1,0.278,0.332,-0.10204356364464,0.0684273816225101,0.0759288905293963
D,CO,0.25,0,0.714,0.754,-0.13293564183531,0.0513309799193846,0.0538178555779515
D,CO,0.3,0,0.854,0.876,-0.159749874619038,0.0506146185617974,0.0536281473986749
D,CO,0.6,0,1,1,-0.313326457476348,0.0520497682307568,0.0534067335713391
D,CO,0.25,0.1,0.664,0.688,-0.129285826787707,0.0534455652317716,0.0538430927504389
D,CO,0.3,0.1,0.83,0.85,-0.151230018893283,0.0475177413394504,0.0531425196845493
D,CO,0.6,0.1,1,1,-0.312333134356399,0.0504533239073339,0.0528606034877103
D,CO,0.25,0.2,0.68,0.676,-0.128356685253353,0.0499350670327821,0.0536206234591839
D,CO,0.3,0.2,0.826,0.824,-0.153007775553623,0.0483105925073256,0.0540101258879728
D,CO,0.6,0.2,1,1,-0.315009249303613,0.0483258687404818,0.0533582428686823
D,CO,0.25,0.5,0.704,0.76,-0.131431557795891,0.0502327435235942,0.0534589090024961
D,CO,0.3,0.5,0.844,0.876,-0.15648521087045,0.0499438447472671,0.0538840831297425
D,CO,0.6,0.5,1,1,-0.310230608662763,0.0511025025930781,0.0537264295997518
D,CO,0.25,1,0.674,0.706,-0.129244751605492,0.0490448400415058,0.0538288176697039
D,CO,0.3,1,0.862,0.884,-0.158298699873955,0.0497988155091326,0.0541208788913875
D,CO,0.6,1,1,1,-0.312747968992003,0.050852389238485,0.0538370521361454
D,Hybrid,0.25,0,0.612,0.65,-0.131202420048882,0.0598158420379665,0.0580729387017882
D,Hybrid,0.3,0,0.776,0.808,-0.156823209865794,0.0591359352912955,0.0580753716807717
D,Hybrid,0.6,0,1,1,-0.308471668077764,0.0531738289665392,0.0579111338589332
D,Hybrid,0.25,0.1,0.642,0.672,-0.131849139675003,0.0587864462836967,0.057957033708271
D,Hybrid,0.3,0.1,0.754,0.774,-0.151499923955981,0.0581382590132969,0.0581368355372512
D,Hybrid,0.6,0.1,0.998,0.998,-0.314692356049177,0.0541014624034861,0.0580046780252885
D,Hybrid,0.25,0.2,0.606,0.606,-0.127303563875937,0.0590476999104005,0.0577580601842481
D,Hybrid,0.3,0.2,0.744,0.74,-0.15324468844777,0.0586857522027608,0.0579339964489547
D,Hybrid,0.6,0.2,0.996,0.996,-0.310917426357772,0.0582987992279285,0.0581440063531943
D,Hybrid,0.25,0.5,0.614,0.616,-0.131089660652842,0.0596645645883132,0.0581051579784531
D,Hybrid,0.3,0.5,0.774,0.774,-0.155312274777551,0.0568325171359669,0.0584148637753249
D,Hybrid,0.6,0.5,1,1,-0.3125775124728,0.0607769193341196,0.0588937946663499
D,Hybrid,0.25,1,0.602,0.644,-0.129057010032432,0.0580628448202941,0.0594265360304257
D,Hybrid,0.3,1,0.732,0.762,-0.154497320580771,0.0576388499512784,0.0592897248354845
D,Hybrid,0.6,1,1,1,-0.308047140623288,0.0566590759702688,0.0592016960981762
D,OL+BDC,0.25,0,0.588,0.512,-0.134530570995491,0.0643385501596863,0.0616007478405699
D,OL+BDC,0.3,0,0.694,0.64,-0.157365889227607,0.0694418001543745,0.0616466114662196
D,OL+BDC,0.6,0,0.992,0.988,-0.310256547889407,0.069010213548422,0.0612884253173089
D,OL+BDC,0.25,0.1,0.556,0.462,-0.130590963572704,0.0661219644817234,0.0616609987087286
D,OL+BDC,0.3,0.1,0.654,0.562,-0.151732268934327,0.0678088265239492,0.061754542163489
D,OL+BDC,0.6,0.1,0.994,0.994,-0.30932057240129,0.0680888731911094,0.0615614704426202
D,OL+BDC,0.25,0.2,0.586,0.56,-0.133204591002814,0.0676218420626435,0.0614165875351084
D,OL+BDC,0.3,0.2,0.706,0.684,-0.154401769389634,0.0669003342507081,0.061275026668696
D,OL+BDC,0.6,0.2,1,1,-0.3070178422712,0.0684388190232248,0.0610371936108526
D,OL+BDC,0.25,0.5,0.536,0.516,-0.127126095657691,0.0681322652429842,0.0613609720005131
D,OL+BDC,0.3,0.5,0.706,0.674,-0.157028139144728,0.0654030292505393,0.0610272012417443
D,OL+BDC,0.6,0.5,0.992,0.992,-0.307493454002439,0.0667205620319321,0.0612701974364296
D,OL+BDC,0.25,1,0.566,0.516,-0.129184848497796,0.0680615238958969,0.0609240925032695
D,OL+BDC,0.3,1,0.694,0.664,-0.155904890281133,0.0665103169944076,0.0612121916452933
D,OL+BDC,0.6,1,0.998,0.998,-0.316733495009336,0.0721282298220456,0.0617158243703497
E,CO,0.25,0,0.32,0.308,-0.124071252431874,0.0906304320485544,0.0860919327008768
E,CO,0.3,0,0.44,0.43,-0.157443833555611,0.0964621263776964,0.0860879817666917
E,CO,0.6,0,0.942,0.942,-0.315898427207216,0.0923254683640227,0.086235335073139
E,CO,0.25,0.1,0.352,0.322,-0.132387930324263,0.0929324806305585,0.0859901339247704
E,CO,0.3,0.1,0.454,0.426,-0.156575242803652,0.0893167848276168,0.0859832099768664
E,CO,0.6,0.1,0.94,0.926,-0.30960169647935,0.0937797571099292,0.0858852946979401
E,CO,0.25,0.2,0.344,0.318,-0.129138376373064,0.0928367195018916,0.0857777010909603
E,CO,0.3,0.2,0.464,0.422,-0.156462766189788,0.0927538718425033,0.0867252084239231
E,CO,0.6,0.2,0.946,0.936,-0.314122931610301,0.0899061023895695,0.0854428970788114
E,CO,0.25,0.5,0.302,0.234,-0.124669929144049,0.0913983659677647,0.0867297338075386
E,CO,0.3,0.5,0.444,0.362,-0.153677279058854,0.0943605047667624,0.0860450266279616
E,CO,0.6,0.5,0.916,0.89,-0.309010164244751,0.0936167232385924,0.0862888544127564
E,CO,0.25,1,0.356,0.344,-0.133399422661287,0.0929533460482611,0.0858407236438801
E,CO,0.3,1,0.432,0.412,-0.150895832819201,0.0944337041914784,0.0861876801703365
E,CO,0.6,1,0.938,0.924,-0.314863376272256,0.0953156058714724,0.0865423189205663
E,Hybrid,0.25,0,0.482,0.554,-0.127774672787763,0.0644343955594998,0.065992961615184
E,Hybrid,0.3,0,0.67,0.75,-0.157280407189051,0.0649426389105701,0.0662918867722037
E,Hybrid,0.6,0,0.992,0.996,-0.312997759334846,0.0660904255418784,0.0660394908266117
E,Hybrid,0.25,0.1,0.52,0.568,-0.133668967161981,0.0662565642934782,0.0663648447692779
E,Hybrid,0.3,0.1,0.652,0.708,-0.156749264225077,0.0649818161270474,0.0662652541456057
E,Hybrid,0.6,0.1,0.996,0.996,-0.313727573540957,0.06635759973271,0.0661196802830449
E,Hybrid,0.25,0.2,0.512,0.52,-0.130269683596311,0.0668264119368221,0.0665436928109515
E,Hybrid,0.3,0.2,0.674,0.676,-0.154847547896833,0.0603828404670651,0.0661222928511308
E,Hybrid,0.6,0.2,0.998,0.998,-0.313895355184848,0.0656467126473701,0.0661679317940317
E,Hybrid,0.25,0.5,0.522,0.576,-0.130160449418799,0.0608589417076951,0.0662524146127115
E,Hybrid,0.3,0.5,0.658,0.714,-0.157123398862128,0.0660003900094322,0.0655753905339187
E,Hybrid,0.6,0.5,0.994,0.996,-0.313652436703993,0.0637823796279692,0.0668227167653752
E,Hybrid,0.25,1,0.524,0.524,-0.131815022854824,0.0630487468338904,0.0666683014984626
E,Hybrid,0.3,1,0.644,0.648,-0.158045136578234,0.0660490666312937,0.0660537061155425
E,Hybrid,0.6,1,0.992,0.992,-0.309390519551536,0.0669804356100431,0.066542081546818
E,OL+BDC,0.25,0,0.416,0.46,-0.132420159990446,0.0716931789645078,0.0755106515781311
E,OL+BDC,0.3,0,0.564,0.618,-0.155876074662656,0.0723975062888042,0.0751842434158996
E,OL+BDC,0.6,0,0.992,0.996,-0.308024614292267,0.0657150344737076,0.0746388450259693
E,OL+BDC,0.25,0.1,0.392,0.454,-0.126996540490142,0.0684334760325476,0.0755110618469802
E,OL+BDC,0.3,0.1,0.56,0.64,-0.156868371070236,0.0674943482333817,0.0752155067224382
E,OL+BDC,0.6,0.1,0.988,0.996,-0.318068327837461,0.0713135451387201,0.0760037801011764
E,OL+BDC,0.25,0.2,0.388,0.438,-0.123243254848942,0.0723156232750206,0.0753468510750284
E,OL+BDC,0.3,0.2,0.554,0.592,-0.154734119236505,0.0720688022250085,0.074850009638959
E,OL+BDC,0.6,0.2,0.996,0.996,-0.312688536919209,0.0667969974360302,0.0750282424552763
E,OL+BDC,0.25,0.5,0.422,0.49,-0.134931652290323,0.0693874737477486,0.075939704611091
E,OL+BDC,0.3,0.5,0.552,0.632,-0.156569102601333,0.0669380538885201,0.0756731897399614
E,OL+BDC,0.6,0.5,0.982,0.998,-0.311645907341829,0.0676715656009732,0.0760426940548673
E,OL+BDC,0.25,1,0.368,0.428,-0.121326402335601,0.0743798888827451,0.0764620663731982
E,OL+BDC,0.3,1,0.548,0.612,-0.154458252582808,0.0689540052792283,0.0765391949876678
E,OL+BDC,0.6,1,0.986,0.99,-0.312469509571289,0.0742228369465439,0.0762158718864425
F,CO,0.25,0,0.334,0.306,-0.130960770869113,0.0896701520122396,0.0869969076316229
F,CO,0.3,0,0.458,0.44,-0.158226168027705,0.0911921572555053,0.0864301119472357
F,CO,0.6,0,0.946,0.938,-0.312709822043419,0.0863133082901575,0.0846140216917773
F,CO,0.25,0.1,0.316,0.29,-0.1292286599409,0.0945883297228441,0.0864933869524863
F,CO,0.3,0.1,0.45,0.424,-0.157136618461385,0.0928559241227279,0.086635588623904
F,CO,0.6,0.1,0.924,0.918,-0.309280960127908,0.0868472730485235,0.0853272039531153
F,CO,0.25,0.2,0.324,0.3,-0.13018120545961,0.0931627383946888,0.0873653313118527
F,CO,0.3,0.2,0.442,0.41,-0.153984089296683,0.0919838558907008,0.086367178944116
F,CO,0.6,0.2,0.942,0.936,-0.306678235288902,0.0859206765411011,0.0846116312140057
F,CO,0.25,0.5,0.314,0.292,-0.128242820962859,0.0929961488373115,0.0867324940727314
F,CO,0.3,0.5,0.398,0.378,-0.151036023140073,0.0928420869392275,0.0866246410711655
F,CO,0.6,0.5,0.952,0.938,-0.30749727870699,0.0844885288236085,0.0852253508585151
F,CO,0.25,1,0.318,0.278,-0.123793968564949,0.0904248496695115,0.0870488504250207
F,CO,0.3,1,0.404,0.362,-0.14550950376788,0.0903217334360696,0.0861730314628053
F,CO,0.6,1,0.944,0.922,-0.304344315669177,0.0880631568574913,0.0858991387216039
F,Hybrid,0.25,0,0.43,0.564,-0.132217222221455,0.0692117461825761,0.0737834385980752
F,Hybrid,0.25,0.1,0.406,0.466,-0.1296186809008,0.0678760729262393,0.0737031992069568
F,Hybrid,0.25,0.2,0.442,0.508,-0.132158520883827,0.068378753434299,0.0737262815305249
F,Hybrid,0.3,0.2,0.586,0.654,-0.153658060611048,0.0719096193424353,0.0740959224207795
F,Hybrid,0.25,0.5,0.358,0.352,-0.11009359569047,0.0696330809824468,0.0736363427766263
F,Hybrid,0.3,0.5,0.462,0.454,-0.140048833773143,0.0696483079653522,0.074448699432154
F,Hybrid,0.25,1,0.236,0.27,-0.0966206902967786,0.0690447238630881,0.0741299244379654
F,Hybrid,0.3,1,0.336,0.382,-0.115630821375803,0.0705067930355554,0.0734195948923907
F,OL+BDC,0.25,0,0.35,0.39,-0.129672234103258,0.0738592932206302,0.0819567529031694
F,OL+BDC,0.3,0,0.458,0.518,-0.15317944380885,0.0753073119908653,0.0827081841488836
F,OL+BDC,0.25,0.1,0.334,0.408,-0.130460658659226,0.0754117683567096,0.0824171818081512
F,OL+BDC,0.3,0.1,0.5,0.578,-0.161768846408433,0.0757806603651498,0.0820812266607169
F,OL+BDC,0.25,0.2,0.354,0.438,-0.130819173867752,0.0709088116367827,0.0820246505822723
F,OL+BDC,0.3,0.2,0.482,0.552,-0.150864282920283,0.0719603761137576,0.0816343167049619
F,OL+BDC,0.25,0.5,0.234,0.276,-0.108714714422319,0.0749072623291552,0.0824437045153725
F,OL+BDC,0.3,0.5,0.342,0.374,-0.130738798078545,0.0769446792730433,0.0830421520664494
F,OL+BDC,0.25,1,0.198,0.294,-0.097015006917845,0.0757387684700186,0.0837358802348515
F,OL+BDC,0.3,1,0.254,0.362,-0.10966359216168,0.0735382526478187,0.0827924536786329
