arm,design,c.bm,t_half,seed,id,feasible,min_eig,power,mean_beta,emp_sd,mean_se,singular,fits,timeouts,errors,max_fit_sec,total_fit_sec
F,CO,0,0,20261302,301,TRUE,0.153066255520999,0.15,-0.00212200176314282,0.101706108840202,0.0728094649674611,0,500,0,0,0.420888900756836,35.8836793899536
F,CO,0,0.1,20261303,302,TRUE,0.153066255520999,0.148,-0.000732250999900361,0.102325335520681,0.0730318210409412,0,500,0,0,0.486430168151856,36.0213239192963
F,CO,0,0.2,20261304,303,TRUE,0.153066255520999,0.166,-0.00389984174700744,0.104796968781772,0.0732490179442452,0,500,0,0,0.408992052078247,35.0294251441956
F,CO,0,0.5,20261305,304,TRUE,0.153066255520999,0.174,0.000990713798221919,0.105051706880272,0.0730721666219512,0,500,0,0,0.493129014968872,35.1043403148651
F,CO,0,1,20261306,305,TRUE,0.153066255520999,0.178,-0.00338626837828009,0.101897192359867,0.0722409359943861,0,500,0,0,0.392792940139771,35.6574304103851
F,CO,0.25,0,20261307,306,TRUE,0.149490283437229,0.444,-0.130545773077499,0.0986128904305633,0.0731083654216843,0,500,0,0,0.405674934387207,34.4148457050324
F,CO,0.25,0.1,20261308,307,TRUE,0.14949028343723,0.45,-0.131386390165718,0.107787637686678,0.0725502150960447,0,500,0,0,0.420789957046509,36.0174949169159
F,CO,0.25,0.2,20261309,308,TRUE,0.14949028343723,0.446,-0.13087218100728,0.105856117922356,0.0733969532405523,0,500,0,0,0.421818971633911,35.9271094799042
F,CO,0.25,0.5,20261310,309,TRUE,0.14949028343723,0.442,-0.128783869085019,0.105064505566934,0.0728929855674499,0,500,0,0,0.538007974624634,45.4937827587128
F,CO,0.25,1,20261311,310,TRUE,0.14949028343723,0.434,-0.126055959125889,0.0991465093091157,0.0731100337792554,0,500,0,0,0.810214042663574,43.9737451076508
F,CO,0.3,0,20261312,311,TRUE,0.147191513945595,0.562,-0.158858013471091,0.103377753191448,0.0726886138806027,0,500,0,0,0.512038946151733,45.2310230731964
F,CO,0.3,0.1,20261313,312,TRUE,0.147191513945595,0.53,-0.157061407779254,0.103275205274205,0.0728546451808205,0,500,0,0,0.627687931060791,43.8518588542938
F,CO,0.3,0.2,20261314,313,TRUE,0.147191513945595,0.558,-0.152431532803896,0.103072445831756,0.072550107670677,0,500,0,0,0.592223882675171,45.0547437667847
F,CO,0.3,0.5,20261315,314,TRUE,0.147191513945595,0.508,-0.151367753378126,0.105644696364075,0.0728277003317926,0,500,0,0,0.693899869918823,45.3229596614838
F,CO,0.3,1,20261316,315,TRUE,0.147191513945595,0.562,-0.148678974035813,0.100570403865517,0.0722883576309564,0,500,0,0,0.732532024383545,45.6769917011261
F,CO,0.6,0,20261317,316,TRUE,0.0304846236468422,0.962,-0.311572232126543,0.0942697961580641,0.0712507820655151,0,500,0,0,0.642989873886108,44.5910882949829
F,CO,0.6,0.1,20261318,317,TRUE,0.0304846236468426,0.958,-0.308765542114353,0.0994724009992032,0.0718058360502795,0,500,0,0,0.891233921051025,47.3968348503113
F,CO,0.6,0.2,20261319,318,TRUE,0.0304846236468426,0.952,-0.305223280331498,0.0950145646621919,0.0712320066528966,0,500,0,0,0.498942852020264,47.80095744133
F,CO,0.6,0.5,20261320,319,TRUE,0.0304846236468426,0.964,-0.308218751480905,0.096856423340565,0.0717229085987993,0,500,0,0,0.423227071762085,48.2698266506195
F,CO,0.6,1,20261321,320,TRUE,0.0304846236468426,0.97,-0.309401473694351,0.100101995946949,0.0722584473401362,0,500,0,0,0.379067897796631,46.8635926246643
F,Hybrid,0,0,20261322,321,TRUE,0.00963168579960598,0.052,0.0017907909581427,0.0732307085968931,0.0743773212163823,0,500,0,0,0.529608964920044,47.5781176090241
F,Hybrid,0,0.1,20261323,322,TRUE,0.00963168579960598,0.066,0.00515867764991499,0.0816879470720801,0.073921960751794,0,500,0,0,0.418267965316772,47.4015867710114
F,Hybrid,0,0.2,20261324,323,TRUE,0.00963168579960598,0.046,-0.00118450161945839,0.0744517789662775,0.0740199955008539,0,500,0,0,0.576703071594238,46.8838038444519
F,Hybrid,0,0.5,20261325,324,TRUE,0.00963168579960598,0.086,-0.00240672133140857,0.0837859974606751,0.0742789637998562,0,500,0,0,0.409417867660522,49.2471995353699
F,Hybrid,0,1,20261326,325,TRUE,0.00963168579960598,0.046,0.00622570277121402,0.0763911651222312,0.0752948441084957,0,500,0,0,0.484086990356445,48.5102529525757
F,Hybrid,0.25,0,20261327,326,TRUE,0.00345833929103411,0.434,-0.133515566705116,0.0790256502558576,0.0739518751745625,0,500,0,0,0.446782112121582,48.5969820022583
F,Hybrid,0.25,0.1,20261328,327,TRUE,0.00348205713586825,0.442,-0.128846130086661,0.0771609530284721,0.074013697230693,0,500,0,0,0.545302867889404,48.104419708252
F,Hybrid,0.25,0.2,20261329,328,TRUE,0.00417819541774278,0.448,-0.134743836794515,0.0760218375113613,0.0740126080828871,0,500,0,0,0.553410053253174,47.8510706424713
F,Hybrid,0.25,0.5,20261330,329,TRUE,0.00739115565867475,0.338,-0.113375962609852,0.0776430454107006,0.0740241776902119,0,500,0,0,0.454334020614624,49.2537500858307
F,Hybrid,0.25,1,20261331,330,TRUE,0.00894216500270565,0.294,-0.105853829232759,0.0785439418463068,0.0749168753436044,0,500,0,0,0.401589870452881,47.2626430988312
F,Hybrid,0.3,0,20261332,331,FALSE,-0.00103993821592872,,,,,,0,,,,
F,Hybrid,0.3,0.1,20261333,332,FALSE,-0.000998751884717315,,,,,,0,,,,
F,Hybrid,0.3,0.2,20261334,333,TRUE,0.000212147717048499,0.552,-0.15448204979245,0.0796390121073845,0.0743414229316795,0,500,0,0,0.457112073898315,47.483743429184
F,Hybrid,0.3,0.5,20261335,334,TRUE,0.00587542860658009,0.508,-0.14726826467623,0.0784131471679095,0.074850921849442,0,500,0,0,0.637823104858398,49.8271253108978
F,Hybrid,0.3,1,20261336,335,TRUE,0.00850507492271441,0.378,-0.122434708933395,0.0785030709321283,0.0741059006376405,0,500,0,0,0.361767053604126,48.9422862529755
F,Hybrid,0.6,0,20261337,336,FALSE,-0.239630477507446,,,,,,0,,,,
F,Hybrid,0.6,0.1,20261338,337,FALSE,-0.239353090873903,,,,,,0,,,,
F,Hybrid,0.6,0.2,20261339,338,FALSE,-0.230763034244139,,,,,,0,,,,
F,Hybrid,0.6,0.5,20261340,339,FALSE,-0.167100719974483,,,,,,0,,,,
F,Hybrid,0.6,1,20261341,340,FALSE,-0.0945294970066783,,,,,,0,,,,
F,OL+BDC,0,0,20261342,341,TRUE,0.00977462461717439,0.086,0.00499175209462191,0.0935323917582382,0.0805578561719192,0,500,0,0,0.518841028213501,48.4277322292328
F,OL+BDC,0,0.1,20261343,342,TRUE,0.00977462461717439,0.072,0.000600255297400199,0.0915539578611876,0.08066848556844,0,500,0,0,0.662879943847656,49.8165714740753
F,OL+BDC,0,0.2,20261344,343,TRUE,0.00977462461717439,0.08,-0.00695156667432195,0.0902109236182879,0.0797701976642291,0,500,0,0,0.573043823242188,50.0548808574677
F,OL+BDC,0,0.5,20261345,344,TRUE,0.00977462461717439,0.096,-0.000841073560725931,0.0945834836438044,0.0807156642445212,0,500,0,0,0.457795143127441,49.7542910575867
F,OL+BDC,0,1,20261346,345,TRUE,0.00977462461717439,0.062,-0.00343328783816459,0.0830358577807848,0.0810213397317187,0,500,0,0,0.657002925872803,49.5028491020203
F,OL+BDC,0.25,0,20261347,346,TRUE,0.00413669941061178,0.37,-0.129217573759277,0.0866746031242426,0.0799052014051544,0,500,0,0,0.775187015533447,49.2809627056122
F,OL+BDC,0.25,0.1,20261348,347,TRUE,0.00415627365679476,0.368,-0.128367707175473,0.0887268356011288,0.0803804897642108,0,500,0,0,0.562469959259033,49.473397731781
F,OL+BDC,0.25,0.2,20261349,348,TRUE,0.00473499178623018,0.366,-0.132076723722186,0.084349692131223,0.0799261838182613,0,500,0,0,0.974464893341064,48.9844160079956
F,OL+BDC,0.25,0.5,20261350,349,TRUE,0.00762336516285576,0.324,-0.117224514789232,0.0891334186998786,0.0801807193291242,0,500,0,0,0.822029113769531,47.9191811084747
F,OL+BDC,0.25,1,20261351,350,TRUE,0.00912242323795224,0.272,-0.107118077887762,0.0883620995634185,0.0810489757167282,0,500,0,0,0.501098871231079,48.3053653240204
F,OL+BDC,0.3,0,20261352,351,TRUE,0.00025346724506543,0.468,-0.152387149854977,0.0910026732527369,0.0806041542608284,0,500,0,0,0.452824831008911,48.5013768672943
F,OL+BDC,0.3,0.1,20261353,352,TRUE,0.000287821108207563,0.504,-0.159171466398132,0.0890152254727608,0.0800543105715044,0,500,0,0,0.49619197845459,48.0288901329041
F,OL+BDC,0.3,0.2,20261354,353,TRUE,0.00130084576711568,0.532,-0.158307323827298,0.0851564208184632,0.0796557444607627,0,500,0,0,0.454308032989502,48.1584837436676
F,OL+BDC,0.3,0.5,20261355,354,TRUE,0.00625588506323809,0.39,-0.13641248017089,0.0896806413646377,0.0807809714718234,0,500,0,0,0.468574047088623,47.6038117408753
F,OL+BDC,0.3,1,20261356,355,TRUE,0.00873283350598507,0.348,-0.119569263272894,0.0894681745796267,0.0800834888171652,0,500,0,0,0.431427001953125,44.7733404636383
F,OL+BDC,0.6,0,20261357,356,FALSE,-0.202949417248963,,,,,,0,,,,
F,OL+BDC,0.6,0.1,20261358,357,FALSE,-0.202630271030066,,,,,,0,,,,
F,OL+BDC,0.6,0.2,20261359,358,FALSE,-0.192787794003876,,,,,,0,,,,
F,OL+BDC,0.6,0.5,20261360,359,FALSE,-0.123253105602527,,,,,,0,,,,
F,OL+BDC,0.6,1,20261361,360,FALSE,-0.0465920243752057,,,,,,0,,,,
