arm,design,c.bm,t_half,seed,feasible,min_eig,power,mean_beta,emp_sd,mean_se,singular,fits
A,CO,0,0,20261002,TRUE,0.0999999999999996,0.05,0.00408367560215606,0.0512357649850649,0.0510664256292415,0,500
A,CO,0,0.1,20261003,TRUE,0.0999999999999996,0.052,-0.0018148322162203,0.0518525593920166,0.0507530935857941,0,500
A,CO,0,0.2,20261004,TRUE,0.0999999999999996,0.054,0.00181505637658501,0.0486295435690176,0.0507909077690811,0,500
A,CO,0,0.5,20261005,TRUE,0.0999999999999996,0.058,-0.00112958921991625,0.0527561244043781,0.0512048314958295,0,500
A,CO,0,1,20261006,TRUE,0.0999999999999996,0.028,0.000387830797580981,0.048604936298221,0.0513278410220191,0,500
A,CO,0.25,0,20261007,TRUE,0.00430297648113788,0.708,-0.128654736670627,0.0485146497759175,0.0507544779195781,0,500
A,CO,0.25,0.1,20261008,TRUE,0.00430297648113986,0.314,-0.0749866707601057,0.0489241803427733,0.0508235967109301,0,500
A,CO,0.25,0.2,20261009,TRUE,0.00430297648113986,0.346,-0.0818718265274689,0.0518355759942182,0.0512177428879247,0,500
A,CO,0.25,0.5,20261010,TRUE,0.00430297648113986,0.306,-0.077484795257427,0.0480227975975557,0.0507156185284583,0,500
A,CO,0.25,1,20261011,TRUE,0.00430297648113986,0.354,-0.0807612058508933,0.0504815751124742,0.0511870823858686,0,500
A,CO,0.3,0,20261012,FALSE,-0.0375517150199974,,,,,,0
A,CO,0.3,0.1,20261013,FALSE,-0.0375517150199959,,,,,,0
A,CO,0.3,0.2,20261014,FALSE,-0.0375517150199959,,,,,,0
A,CO,0.3,0.5,20261015,FALSE,-0.0375517150199959,,,,,,0
A,CO,0.3,1,20261016,FALSE,-0.0375517150199959,,,,,,0
A,CO,0.6,0,20261017,FALSE,-0.389856133744813,,,,,,0
A,CO,0.6,0.1,20261018,FALSE,-0.389856133744813,,,,,,0
A,CO,0.6,0.2,20261019,FALSE,-0.389856133744813,,,,,,0
A,CO,0.6,0.5,20261020,FALSE,-0.389856133744813,,,,,,0
A,CO,0.6,1,20261021,FALSE,-0.389856133744813,,,,,,0
A,Hybrid,0,0,20261022,TRUE,0.0999999999999996,0.034,-0.000224364156079073,0.0520216959787068,0.0555366005621345,0,500
A,Hybrid,0,0.1,20261023,TRUE,0.0999999999999996,0.042,-0.0051239630737968,0.0543192901969958,0.0553405232988846,0,500
A,Hybrid,0,0.2,20261024,TRUE,0.0999999999999996,0.072,0.00325186552246939,0.0595738690310061,0.0556722081025279,0,500
A,Hybrid,0,0.5,20261025,TRUE,0.0999999999999996,0.058,-0.00545816968436516,0.0547813185672776,0.0558798469852739,0,500
A,Hybrid,0,1,20261026,TRUE,0.0999999999999996,0.074,0.000366930277204721,0.0592542641696943,0.0563846642632894,0,500
A,Hybrid,0.25,0,20261027,TRUE,0.00430297648113838,0.632,-0.126179670336701,0.0547014763207764,0.0551092996561745,0,500
A,Hybrid,0.25,0.1,20261028,TRUE,0.0999999999999991,0.08,-0.0279893168767177,0.0554298202126832,0.0550794943914533,0,500
A,Hybrid,0.25,0.2,20261029,TRUE,0.0999999999999991,0.096,-0.0260007283429948,0.0580840163098688,0.0552913788347137,0,500
A,Hybrid,0.25,0.5,20261030,TRUE,0.0999999999999991,0.108,-0.0287624517277779,0.0577293378430336,0.0554525354783986,0,500
A,Hybrid,0.25,1,20261031,TRUE,0.0999999999999991,0.108,-0.0320233218078557,0.0594993895712453,0.0563559301150506,0,500
A,Hybrid,0.3,0,20261032,FALSE,-0.0375517150199979,,,,,,0
A,Hybrid,0.3,0.1,20261033,TRUE,0.0999999999999988,0.102,-0.0361283170187457,0.0556376846707381,0.0552445068746951,0,500
A,Hybrid,0.3,0.2,20261034,TRUE,0.0999999999999988,0.088,-0.037805772126405,0.0540431457885677,0.0549777889953499,0,500
A,Hybrid,0.3,0.5,20261035,TRUE,0.0999999999999988,0.104,-0.0332590371668075,0.0583718947592749,0.0554529571127255,0,500
A,Hybrid,0.3,1,20261036,TRUE,0.0999999999999988,0.08,-0.0341425955915433,0.054673305818957,0.0566557725809431,0,500
A,Hybrid,0.6,0,20261037,FALSE,-0.389856133744815,,,,,,0
A,Hybrid,0.6,0.1,20261038,TRUE,0.0999999999999988,0.246,-0.0671868477067214,0.0549688766506981,0.0551829083152615,0,500
A,Hybrid,0.6,0.2,20261039,TRUE,0.0999999999999988,0.286,-0.0715569986399414,0.0581488185739287,0.0550385824949429,0,500
A,Hybrid,0.6,0.5,20261040,TRUE,0.0999999999999988,0.26,-0.0689154283265903,0.05860995334719,0.0555187899130175,0,500
A,Hybrid,0.6,1,20261041,TRUE,0.0999999999999988,0.208,-0.0669018419418616,0.0558483750468837,0.0563659237736619,0,500
A,OL+BDC,0,0,20261042,TRUE,0.0999999999999996,0.086,-0.000784036586011794,0.0690010265045938,0.0584170443668086,0,500
A,OL+BDC,0,0.1,20261043,TRUE,0.0999999999999996,0.114,0.00827262155721453,0.0700501112165182,0.0587154233947761,0,500
A,OL+BDC,0,0.2,20261044,TRUE,0.0999999999999996,0.078,-0.000849153404631336,0.0651971141875601,0.0585048997411117,0,500
A,OL+BDC,0,0.5,20261045,TRUE,0.0999999999999996,0.08,-0.0014368396149517,0.067879077590937,0.0593224769821104,0,500
A,OL+BDC,0,1,20261046,TRUE,0.0999999999999996,0.1,0.00620510504903456,0.069064444361789,0.0589379340722273,0,500
A,OL+BDC,0.25,0,20261047,TRUE,0.00918116368036322,0.6,-0.132465731202281,0.0668741356881003,0.0584239817509219,0,500
A,OL+BDC,0.25,0.1,20261048,TRUE,0.0999999999999991,0.124,-0.0395976229347467,0.062713133521581,0.0587493199369814,0,500
A,OL+BDC,0.25,0.2,20261049,TRUE,0.0999999999999991,0.122,-0.0360966903627893,0.0698325846248831,0.0588019082383334,0,500
A,OL+BDC,0.25,0.5,20261050,TRUE,0.0999999999999991,0.13,-0.0339953313050799,0.0672069639944962,0.0587214764822214,0,500
A,OL+BDC,0.25,1,20261051,TRUE,0.0999999999999991,0.128,-0.0349048472586056,0.0663805834569901,0.0588252558272705,0,500
A,OL+BDC,0.3,0,20261052,FALSE,-0.0312707121533406,,,,,,0
A,OL+BDC,0.3,0.1,20261053,TRUE,0.0999999999999988,0.17,-0.0470842172497643,0.0698522499088876,0.0590169177888234,0,500
A,OL+BDC,0.3,0.2,20261054,TRUE,0.0999999999999988,0.168,-0.0475545810511892,0.0668098759324206,0.0590526693125512,0,500
A,OL+BDC,0.3,0.5,20261055,TRUE,0.0999999999999988,0.156,-0.047259411219928,0.0660078521835469,0.0586449514026281,0,500
A,OL+BDC,0.3,1,20261056,TRUE,0.0999999999999988,0.13,-0.0432815253838108,0.067227693538827,0.059373637956814,0,500
A,OL+BDC,0.6,0,20261057,FALSE,-0.383609908677469,,,,,,0
A,OL+BDC,0.6,0.1,20261058,TRUE,0.0999999999999988,0.356,-0.0862637988016394,0.0678185755239139,0.0585870808321969,0,500
A,OL+BDC,0.6,0.2,20261059,TRUE,0.0999999999999988,0.352,-0.0869078725192629,0.0670354414277611,0.0583801389967792,0,500
A,OL+BDC,0.6,0.5,20261060,TRUE,0.0999999999999988,0.378,-0.0956900248182551,0.0659324273934843,0.0587905347841547,0,500
A,OL+BDC,0.6,1,20261061,TRUE,0.0999999999999988,0.354,-0.0890886620464847,0.0691686555199941,0.0593858512219919,0,500
B,CO,0,0,20261062,TRUE,0.153066255520999,0.168,-0.00454103713667302,0.10550103310324,0.0732856470237024,0,500
B,CO,0,0.1,20261063,TRUE,0.153066255520999,0.174,-0.00681965752710674,0.101264086533703,0.0727509717650706,0,500
B,CO,0,0.2,20261064,TRUE,0.153066255520999,0.146,0.00121848570426261,0.100296635060775,0.0727261502085489,0,500
B,CO,0,0.5,20261065,TRUE,0.153066255520999,0.17,0.0041590172882315,0.103563384097555,0.0736086499746544,0,500
B,CO,0,1,20261066,TRUE,0.153066255520999,0.142,0.00380889801870996,0.102439770868652,0.0731262223277539,0,500
B,CO,0.25,0,20261067,TRUE,0.149490283437229,0.498,-0.139402331725443,0.105815090429015,0.0723115769035733,0,500
B,CO,0.25,0.1,20261068,TRUE,0.14949028343723,0.282,-0.0794205703934208,0.100961411141389,0.0731211518320358,0,500
B,CO,0.25,0.2,20261069,TRUE,0.14949028343723,0.282,-0.0756989784460281,0.103086699834089,0.0730511967102604,0,500
B,CO,0.25,0.5,20261070,TRUE,0.14949028343723,0.284,-0.0797709168878518,0.101757555389737,0.0720668711418858,0,500
B,CO,0.25,1,20261071,TRUE,0.14949028343723,0.27,-0.0762712285680911,0.100283546682829,0.0725467642043019,0,500
B,CO,0.3,0,20261072,TRUE,0.147191513945595,0.532,-0.153960634318387,0.102451435170703,0.0722233653737371,0,500
B,CO,0.3,0.1,20261073,TRUE,0.147191513945595,0.316,-0.090528372484007,0.102831090983806,0.0732152863568486,0,500
B,CO,0.3,0.2,20261074,TRUE,0.147191513945595,0.334,-0.0955571059770765,0.0941354293236974,0.0724024103087047,0,500
B,CO,0.3,0.5,20261075,TRUE,0.147191513945595,0.352,-0.0915430979273735,0.107614751299391,0.072909261008045,0,500
B,CO,0.3,1,20261076,TRUE,0.147191513945595,0.358,-0.100766868340964,0.102056967346585,0.0729852337462658,0,500
B,CO,0.6,0,20261077,TRUE,0.0304846236468422,0.954,-0.311454294441773,0.0949496550372814,0.0716721623264315,0,500
B,CO,0.6,0.1,20261078,FALSE,-0.0572835357273704,,,,,,0
B,CO,0.6,0.2,20261079,FALSE,-0.0572835357273704,,,,,,0
B,CO,0.6,0.5,20261080,FALSE,-0.0572835357273704,,,,,,0
B,CO,0.6,1,20261081,FALSE,-0.0572835357273704,,,,,,0
B,Hybrid,0,0,20261082,TRUE,0.00963168579960598,0.08,-0.000716611692216852,0.0817543969500636,0.0741783468081238,0,500
B,Hybrid,0,0.1,20261083,TRUE,0.00963168579960598,0.078,0.000506480182891438,0.0813702577963347,0.0739478616839825,0,500
B,Hybrid,0,0.2,20261084,TRUE,0.00963168579960598,0.074,0.000194514118368337,0.0818744284122381,0.0744489069997639,0,500
B,Hybrid,0,0.5,20261085,TRUE,0.00963168579960598,0.058,-0.00448578222639779,0.0783459273353268,0.0743989156336518,0,500
B,Hybrid,0,1,20261086,TRUE,0.00963168579960598,0.044,-0.000236873726873163,0.0768332193468667,0.0748211850838192,0,500
B,Hybrid,0.25,0,20261087,TRUE,0.00345833929103411,0.438,-0.131761188738943,0.0792777937412243,0.0736826370210643,0,500
B,Hybrid,0.25,0.1,20261088,TRUE,0.00962942994522991,0.106,-0.031770893352376,0.0828109179982201,0.0735380144346953,0,500
B,Hybrid,0.25,0.2,20261089,TRUE,0.00962942994522991,0.104,-0.0288613509010089,0.0819165215454785,0.0739477886637719,0,500
B,Hybrid,0.25,0.5,20261090,TRUE,0.00962942994522991,0.082,-0.0278370866888087,0.0789921404664622,0.0743749390815279,0,500
B,Hybrid,0.25,1,20261091,TRUE,0.00962942994522991,0.082,-0.0283691777979156,0.0815965823029529,0.0747963481312161,0,500
B,Hybrid,0.3,0,20261092,FALSE,-0.00103993821592872,,,,,,0
B,Hybrid,0.3,0.1,20261093,TRUE,0.00962809321637499,0.082,-0.0328228608100828,0.0771008215708899,0.0743882140335207,0,500
B,Hybrid,0.3,0.2,20261094,TRUE,0.00962809321637499,0.084,-0.0260470332049049,0.0814618733388529,0.073960571592491,0,500
B,Hybrid,0.3,0.5,20261095,TRUE,0.00962809321637499,0.092,-0.0363524586100789,0.0773202010110941,0.0744370548302034,0,500
B,Hybrid,0.3,1,20261096,TRUE,0.00962809321637499,0.092,-0.0365389863270139,0.0835438851190454,0.0755240072468417,0,500
B,Hybrid,0.6,0,20261097,FALSE,-0.239630477507446,,,,,,0
B,Hybrid,0.6,0.1,20261098,FALSE,-0.00946331989983197,,,,,,0
B,Hybrid,0.6,0.2,20261099,FALSE,-0.00946331989983197,,,,,,0
B,Hybrid,0.6,0.5,20261100,FALSE,-0.00946331989983197,,,,,,0
B,Hybrid,0.6,1,20261101,FALSE,-0.00946331989983197,,,,,,0
B,OL+BDC,0,0,20261102,TRUE,0.00977462461717439,0.076,-0.00284928289680785,0.0894688394767883,0.0806138518944492,0,500
B,OL+BDC,0,0.1,20261103,TRUE,0.00977462461717439,0.076,-0.00122320474554176,0.0874889922764603,0.0801552900109849,0,500
B,OL+BDC,0,0.2,20261104,TRUE,0.00977462461717439,0.062,0.00381903293166767,0.0881802567595854,0.079905962403336,0,500
B,OL+BDC,0,0.5,20261105,TRUE,0.00977462461717439,0.068,-0.00685744934371449,0.0862501343838637,0.0804799761685965,0,500
B,OL+BDC,0,1,20261106,TRUE,0.00977462461717439,0.102,0.00103886915053555,0.0923688511096053,0.0804329099429021,0,500
B,OL+BDC,0.25,0,20261107,TRUE,0.00413669941061178,0.368,-0.125724406117808,0.0857280690364573,0.080676502603572,0,500
B,OL+BDC,0.25,0.1,20261108,TRUE,0.00976305511326521,0.1,-0.0366438426559518,0.0930277188702222,0.0805245246820846,0,500
B,OL+BDC,0.25,0.2,20261109,TRUE,0.00976305511326521,0.102,-0.0308494573145759,0.0907419325796812,0.0802208864046889,0,500
B,OL+BDC,0.25,0.5,20261110,TRUE,0.00976305511326521,0.104,-0.0308232053896758,0.0905224644208526,0.0795795630085519,0,500
B,OL+BDC,0.25,1,20261111,TRUE,0.00976305511326521,0.114,-0.0404576536885861,0.0893383781890618,0.080117156202567,0,500
B,OL+BDC,0.3,0,20261112,TRUE,0.00025346724506543,0.544,-0.163807114974645,0.0889255246772889,0.0804221818626915,0,500
B,OL+BDC,0.3,0.1,20261113,TRUE,0.00975619989700468,0.09,-0.0427546471649611,0.0848472727648688,0.0810173462508135,0,500
B,OL+BDC,0.3,0.2,20261114,TRUE,0.00975619989700468,0.096,-0.0396376558612386,0.0843655074749675,0.0796910690129157,0,500
B,OL+BDC,0.3,0.5,20261115,TRUE,0.00975619989700468,0.118,-0.0423197272657254,0.091734164519449,0.0808377682142427,0,500
B,OL+BDC,0.3,1,20261116,TRUE,0.00975619989700468,0.156,-0.0433438099900759,0.0973867466831969,0.0805960963702338,0,500
B,OL+BDC,0.6,0,20261117,FALSE,-0.202949417248963,,,,,,0
B,OL+BDC,0.6,0.1,20261118,FALSE,-0.0103793961901279,,,,,,0
B,OL+BDC,0.6,0.2,20261119,FALSE,-0.0103793961901279,,,,,,0
B,OL+BDC,0.6,0.5,20261120,FALSE,-0.0103793961901279,,,,,,0
B,OL+BDC,0.6,1,20261121,FALSE,-0.0103793961901279,,,,,,0
C,CO,0,0,20261122,TRUE,0.224947782685332,0.2,0.000535762000190597,0.110415867075029,0.0719942987682481,0,500
C,CO,0,0.1,20261123,TRUE,0.224947782685332,0.204,0.00103199648805822,0.109871066149428,0.0711526564478607,0,500
C,CO,0,0.2,20261124,TRUE,0.224947782685332,0.198,0.00373835166883465,0.106156716534239,0.0705953977995195,0,500
C,CO,0,0.5,20261125,TRUE,0.224947782685332,0.232,-0.0089198578583798,0.115003702939141,0.0712988770138741,0,500
C,CO,0,1,20261126,TRUE,0.224947782685332,0.208,-0.00193705884834848,0.104851443484419,0.071436921740215,0,500
C,CO,0.25,0,20261127,TRUE,0.220760028507214,0.462,-0.132515082903227,0.105252163323343,0.0716443031527239,0,500
C,CO,0.25,0.1,20261128,TRUE,0.220760028507214,0.474,-0.129372184365017,0.109085292425615,0.0708242651708986,0,500
C,CO,0.25,0.2,20261129,TRUE,0.220760028507214,0.456,-0.125067680808447,0.101236362417126,0.0711638394766848,0,500
C,CO,0.25,0.5,20261130,TRUE,0.220760028507214,0.474,-0.128455753972991,0.104021823660043,0.0715110952313657,0,500
C,CO,0.25,1,20261131,TRUE,0.220760028507214,0.482,-0.13687359117743,0.11252127452839,0.0714551074456103,0,500
C,CO,0.3,0,20261132,TRUE,0.217772980371055,0.6,-0.156357955850246,0.101755217883171,0.0711065578085916,0,500
C,CO,0.3,0.1,20261133,TRUE,0.217772980371055,0.54,-0.15242840711277,0.108778625031809,0.0711465532677209,0,500
C,CO,0.3,0.2,20261134,TRUE,0.217772980371055,0.564,-0.158108678392281,0.105310482798127,0.0714512514878335,0,500
C,CO,0.3,0.5,20261135,TRUE,0.217772980371055,0.578,-0.158557236456765,0.106416675616768,0.0714318086906581,0,500
C,CO,0.3,1,20261136,TRUE,0.217772980371055,0.536,-0.146222535388337,0.109779049394252,0.0709474352230173,0,500
C,CO,0.6,0,20261137,TRUE,0.0490745133891771,0.95,-0.309592306886747,0.0992147145173587,0.0705500091418466,0,500
C,CO,0.6,0.1,20261138,TRUE,0.0490745133891771,0.968,-0.307371538148551,0.0938683445050026,0.0701484666153002,0,500
C,CO,0.6,0.2,20261139,TRUE,0.0490745133891771,0.964,-0.314607800678003,0.0974424705807235,0.0702693585043019,0,500
C,CO,0.6,0.5,20261140,TRUE,0.0490745133891771,0.956,-0.317446788029438,0.105271627086748,0.069734738769035,0,500
C,CO,0.6,1,20261141,TRUE,0.0490745133891771,0.958,-0.304093292726687,0.0954791712288851,0.0698348306137059,0,500
C,Hybrid,0,0,20261142,TRUE,0.0974503873774271,0.06,-0.00107548557867228,0.0774373217340205,0.0720757922701659,0,500
C,Hybrid,0,0.1,20261143,TRUE,0.0974503873774271,0.062,0.0040031458055833,0.0781418493610373,0.0721108041959848,0,500
C,Hybrid,0,0.2,20261144,TRUE,0.0974503873774271,0.084,-1.50938009557491e-05,0.0820500941273301,0.0718550254984682,0,500
C,Hybrid,0,0.5,20261145,TRUE,0.0974503873774271,0.086,0.00118040930107859,0.0831127085328064,0.0722649815811043,0,500
C,Hybrid,0,1,20261146,TRUE,0.0974503873774271,0.072,0.0040020280613446,0.0817022565415204,0.0731349647995678,0,500
C,Hybrid,0.25,0,20261147,TRUE,0.0896869860623413,0.442,-0.124835015823685,0.0783142315268929,0.071392838287484,0,500
C,Hybrid,0.25,0.1,20261148,TRUE,0.0897178626884278,0.402,-0.124188575501034,0.0751150979424643,0.0716646739938747,0,500
C,Hybrid,0.25,0.2,20261149,TRUE,0.0906221412017113,0.44,-0.12843592163057,0.0787440317381858,0.0716942440759913,0,500
C,Hybrid,0.25,0.5,20261150,TRUE,0.0947558418514168,0.402,-0.122378308248391,0.0805106226856428,0.0721603590991778,0,500
C,Hybrid,0.25,1,20261151,TRUE,0.0966414992881206,0.332,-0.108257267936836,0.0778631591099639,0.0723349020400374,0,500
C,Hybrid,0.3,0,20261152,TRUE,0.0828101806490444,0.588,-0.156672475608583,0.0736914457335814,0.0717282548368818,0,500
C,Hybrid,0.3,0.1,20261153,TRUE,0.0828688191013669,0.6,-0.162480326448972,0.0777228440614682,0.0719298277253103,0,500
C,Hybrid,0.3,0.2,20261154,TRUE,0.0845916563030881,0.598,-0.157296203211752,0.0707338023447806,0.0713533440165268,0,500
C,Hybrid,0.3,0.5,20261155,TRUE,0.0926084366524071,0.524,-0.143073924391823,0.0754284188778612,0.0720439115375574,0,500
C,Hybrid,0.3,1,20261156,TRUE,0.0960689424203326,0.382,-0.121387466651049,0.0779739882981199,0.0729841224622513,0,500
C,Hybrid,0.6,0,20261157,FALSE,-0.226293912055173,,,,,,0
C,Hybrid,0.6,0.1,20261158,FALSE,-0.22601774176072,,,,,,0
C,Hybrid,0.6,0.2,20261159,FALSE,-0.217462294749702,,,,,,0
C,Hybrid,0.6,0.5,20261160,FALSE,-0.153787327410477,,,,,,0
C,Hybrid,0.6,1,20261161,FALSE,-0.0867742791663355,,,,,,0
C,OL+BDC,0,0,20261162,TRUE,0.0975774441041551,0.104,-0.00137767279747479,0.0933586847879688,0.0787529290404803,0,500
C,OL+BDC,0,0.1,20261163,TRUE,0.0975774441041551,0.086,-0.00625064851353704,0.0880882717738066,0.0779756251755837,0,500
C,OL+BDC,0,0.2,20261164,TRUE,0.0975774441041551,0.076,0.000775554562837611,0.0847238585317349,0.0776676874227448,0,500
C,OL+BDC,0,0.5,20261165,TRUE,0.0975774441041551,0.104,-0.00392392280522401,0.0960942591652409,0.0785188619803301,0,500
C,OL+BDC,0,1,20261166,TRUE,0.0975774441041551,0.086,0.00356687317633265,0.0904377944695328,0.0782357947139182,0,500
C,OL+BDC,0.25,0,20261167,TRUE,0.0906411801869915,0.364,-0.124881442474348,0.0880995992892412,0.0786089139302576,0,500
C,OL+BDC,0.25,0.1,20261168,TRUE,0.0906666529215894,0.374,-0.128309099967903,0.0858312079161811,0.0781324908542007,0,500
C,OL+BDC,0.25,0.2,20261169,TRUE,0.0914159976978073,0.406,-0.126993008422137,0.0897418007198345,0.0776985634035985,0,500
C,OL+BDC,0.25,0.5,20261170,TRUE,0.0950358512979959,0.358,-0.114652045673956,0.091235839287387,0.0784287853306408,0,500
C,OL+BDC,0.25,1,20261171,TRUE,0.0968246620997225,0.268,-0.0956779350771926,0.0921497054740941,0.0780964111509194,0,500
C,OL+BDC,0.3,0,20261172,TRUE,0.0850393383671847,0.522,-0.156061011530963,0.0864547591249648,0.0782705587509723,0,500
C,OL+BDC,0.3,0.1,20261173,TRUE,0.0850878982886075,0.548,-0.153698399672388,0.087274324085173,0.0778089217488244,0,500
C,OL+BDC,0.3,0.2,20261174,TRUE,0.0865128919418968,0.532,-0.157548478068323,0.0925087532916213,0.0774890776142245,0,500
C,OL+BDC,0.3,0.5,20261175,TRUE,0.0932185828599416,0.478,-0.142159260597777,0.0881166490737052,0.0778496743732146,0,500
C,OL+BDC,0.3,1,20261176,TRUE,0.0963369000642239,0.354,-0.114835822109698,0.0898892809517156,0.0784502752093553,0,500
C,OL+BDC,0.6,0,20261177,FALSE,-0.193917492777119,,,,,,0
C,OL+BDC,0.6,0.1,20261178,FALSE,-0.19360259345371,,,,,,0
C,OL+BDC,0.6,0.2,20261179,FALSE,-0.18389011026839,,,,,,0
C,OL+BDC,0.6,0.5,20261180,FALSE,-0.114988777810596,,,,,,0
C,OL+BDC,0.6,1,20261181,FALSE,-0.0365992804993392,,,,,,0
D,CO,0,0,20261182,TRUE,0.0999999999999996,0.04,0.00200652759268956,0.0487541426666963,0.0508849977178227,0,500
D,CO,0,0.1,20261183,TRUE,0.0999999999999996,0.048,-0.000403457076607686,0.0499617477648918,0.0509149720559838,0,500
D,CO,0,0.2,20261184,TRUE,0.0999999999999996,0.056,-0.00242975709322446,0.0512762876118049,0.0509147927277492,0,500
D,CO,0,0.5,20261185,TRUE,0.0999999999999996,0.032,-0.000558326526762206,0.0484261457639613,0.0512104211501708,0,500
D,CO,0,1,20261186,TRUE,0.0999999999999996,0.044,-0.00167823292631177,0.0510645187845186,0.0512135496191511,0,500
D,CO,0.25,0,20261187,TRUE,0.0999999999999996,0.742,-0.132706512379196,0.0500741736607186,0.0512618091886237,0,500
D,CO,0.25,0.1,20261188,TRUE,0.0999999999999996,0.696,-0.129960503169676,0.0528323061858116,0.0511830355542529,0,500
D,CO,0.25,0.2,20261189,TRUE,0.0999999999999996,0.726,-0.128171076919854,0.0486759892421775,0.0509506624920637,0,500
D,CO,0.25,0.5,20261190,TRUE,0.0999999999999996,0.738,-0.1316157680724,0.049633962995176,0.0508119141241349,0,500
D,CO,0.25,1,20261191,TRUE,0.0999999999999996,0.7,-0.128820735140709,0.0482478077692814,0.0509341620437344,0,500
D,CO,0.3,0,20261192,TRUE,0.0999999999999996,0.882,-0.159739344911406,0.049805853420095,0.0511320637821575,0,500
D,CO,0.3,0.1,20261193,TRUE,0.0999999999999996,0.866,-0.151132225725734,0.046789765533227,0.0505569659343182,0,500
D,CO,0.3,0.2,20261194,TRUE,0.0999999999999996,0.87,-0.153129577717792,0.0470761233852222,0.0513209533560537,0,500
D,CO,0.3,0.5,20261195,TRUE,0.0999999999999996,0.858,-0.156495338871629,0.0494380037768838,0.0512124355056423,0,500
D,CO,0.3,1,20261196,TRUE,0.0999999999999996,0.886,-0.158237713865104,0.0491966172139065,0.0511779572086638,0,500
D,CO,0.6,0,20261197,TRUE,0.0999999999999996,1,-0.312951140618979,0.050941450957651,0.0507700703279349,0,500
D,CO,0.6,0.1,20261198,TRUE,0.0999999999999996,1,-0.31200928376013,0.0493154879280152,0.0504076427857762,0,500
D,CO,0.6,0.2,20261199,TRUE,0.0999999999999996,1,-0.315191055658349,0.0472985003223809,0.0507484703862596,0,500
D,CO,0.6,0.5,20261200,TRUE,0.0999999999999996,1,-0.310377627424521,0.0504708396961006,0.0509733940058756,0,500
D,CO,0.6,1,20261201,TRUE,0.0999999999999996,1,-0.312551654107815,0.0494695394069461,0.0508805321134832,0,500
D,Hybrid,0,0,20261202,TRUE,0.0999999999999996,0.052,0.00615719319850614,0.0537205465365285,0.0552841211403951,0,500
D,Hybrid,0,0.1,20261203,TRUE,0.0999999999999996,0.05,-0.00201072804993894,0.0561914097798737,0.0554971691310298,0,500
D,Hybrid,0,0.2,20261204,TRUE,0.0999999999999996,0.06,1.68272953232762e-05,0.057607172273424,0.0553884160950447,0,500
D,Hybrid,0,0.5,20261205,TRUE,0.0999999999999996,0.058,0.00168349579750837,0.0568257169565541,0.0555921506796531,0,500
D,Hybrid,0,1,20261206,TRUE,0.0999999999999996,0.056,0.00229478765479538,0.0570879058757208,0.0564550631460554,0,500
D,Hybrid,0.25,0,20261207,TRUE,0.0999999999999996,0.628,-0.131227525572321,0.0592866376580171,0.0555151233236938,0,500
D,Hybrid,0.25,0.1,20261208,TRUE,0.0999999999999996,0.672,-0.132021575495199,0.0584977443890443,0.0554476398673443,0,500
D,Hybrid,0.25,0.2,20261209,TRUE,0.0999999999999996,0.636,-0.126872642350225,0.058086741529764,0.0552593459789372,0,500
D,Hybrid,0.25,0.5,20261210,TRUE,0.0999999999999996,0.646,-0.13106406262988,0.0592993333760605,0.0553765382367536,0,500
D,Hybrid,0.25,1,20261211,TRUE,0.0999999999999996,0.652,-0.129095640967593,0.0577567500974606,0.0565540734551364,0,500
D,Hybrid,0.3,0,20261212,TRUE,0.0999999999999996,0.8,-0.156860817771672,0.058986280299976,0.0555349911742443,0,500
D,Hybrid,0.3,0.1,20261213,TRUE,0.0999999999999996,0.786,-0.151550676129489,0.0578228394204348,0.0555709427876851,0,500
D,Hybrid,0.3,0.2,20261214,TRUE,0.0999999999999996,0.77,-0.152957659045366,0.0581674862692429,0.0553695118441114,0,500
D,Hybrid,0.3,0.5,20261215,TRUE,0.0999999999999996,0.796,-0.155167014290028,0.0555691217835102,0.0556797087748513,0,500
D,Hybrid,0.3,1,20261216,TRUE,0.0999999999999996,0.766,-0.155682988911692,0.0572460264831131,0.0564280275704802,0,500
D,Hybrid,0.6,0,20261217,TRUE,0.0999999999999996,1,-0.30853165234932,0.0538165419465338,0.0553198644490679,0,500
D,Hybrid,0.6,0.1,20261218,TRUE,0.0999999999999996,0.998,-0.31494160871822,0.0538672540513668,0.0554432553821384,0,500
D,Hybrid,0.6,0.2,20261219,TRUE,0.0999999999999996,0.998,-0.310641357448882,0.0580314493227575,0.055555881157062,0,500
D,Hybrid,0.6,0.5,20261220,TRUE,0.0999999999999996,1,-0.312482427242811,0.0603992572532174,0.0561525682892851,0,500
D,Hybrid,0.6,1,20261221,TRUE,0.0999999999999996,1,-0.308549474364976,0.0562358638665131,0.0563414612318635,0,500
D,OL+BDC,0,0,20261222,TRUE,0.0999999999999996,0.07,-0.00120292364822835,0.0650609092672315,0.05886386405928,0,500
D,OL+BDC,0,0.1,20261223,TRUE,0.0999999999999996,0.114,0.00124120326827554,0.0703834708666412,0.0587054902634987,0,500
D,OL+BDC,0,0.2,20261224,TRUE,0.0999999999999996,0.068,0.00334073403628843,0.0638906352282949,0.0591067058351903,0,500
D,OL+BDC,0,0.5,20261225,TRUE,0.0999999999999996,0.062,0.000563044501328517,0.0653847524616485,0.0589581371711947,0,500
D,OL+BDC,0,1,20261226,TRUE,0.0999999999999996,0.06,-0.00471475170878247,0.0661082284569781,0.0594429800739221,0,500
D,OL+BDC,0.25,0,20261227,TRUE,0.0999999999999996,0.616,-0.134468745566661,0.0632385993663433,0.058804237547794,0,500
D,OL+BDC,0.25,0.1,20261228,TRUE,0.0999999999999996,0.594,-0.130537097085025,0.0652912365464832,0.0588302040773683,0,500
D,OL+BDC,0.25,0.2,20261229,TRUE,0.0999999999999996,0.626,-0.133361509473092,0.066535924196145,0.0586200055011125,0,500
D,OL+BDC,0.25,0.5,20261230,TRUE,0.0999999999999996,0.562,-0.126913538950372,0.0670048657808862,0.0588691287948252,0,500
D,OL+BDC,0.25,1,20261231,TRUE,0.0999999999999996,0.578,-0.129032657994741,0.0669780949369147,0.0589060741907057,0,500
D,OL+BDC,0.3,0,20261232,TRUE,0.0999999999999996,0.73,-0.157164848967938,0.0687114903623802,0.0587967816072531,0,500
D,OL+BDC,0.3,0.1,20261233,TRUE,0.0999999999999996,0.698,-0.151952001074729,0.0670625472462779,0.0589546945933646,0,500
D,OL+BDC,0.3,0.2,20261234,TRUE,0.0999999999999996,0.74,-0.154612947185947,0.0662317088278424,0.0585336920843217,0,500
D,OL+BDC,0.3,0.5,20261235,TRUE,0.0999999999999996,0.728,-0.157020653372185,0.0643400872768665,0.0586676759515789,0,500
D,OL+BDC,0.3,1,20261236,TRUE,0.0999999999999996,0.724,-0.155677890868349,0.0657058087292743,0.0591119067486534,0,500
D,OL+BDC,0.6,0,20261237,TRUE,0.0999999999999996,0.992,-0.310330847491899,0.0681800863030106,0.0585077469816018,0,500
D,OL+BDC,0.6,0.1,20261238,TRUE,0.0999999999999996,0.994,-0.309198979068497,0.0673019485993685,0.0587699594907738,0,500
D,OL+BDC,0.6,0.2,20261239,TRUE,0.0999999999999996,1,-0.307636795958751,0.0672379829907845,0.0582832248601846,0,500
D,OL+BDC,0.6,0.5,20261240,TRUE,0.0999999999999996,0.996,-0.307532942878235,0.0660970705389473,0.0587697774168287,0,500
D,OL+BDC,0.6,1,20261241,TRUE,0.0999999999999996,1,-0.316474302627199,0.0707582296126989,0.0595961624489058,0,500
E,CO,0,0,20261242,TRUE,0.224947782685332,0.19,0.000841858449723306,0.103397093594897,0.0715511613776263,0,500
E,CO,0,0.1,20261243,TRUE,0.224947782685332,0.168,0.000336387150011458,0.105114536331109,0.0719693626774041,0,500
E,CO,0,0.2,20261244,TRUE,0.224947782685332,0.202,0.00013831041979001,0.107383691169856,0.0710914461581474,0,500
E,CO,0,0.5,20261245,TRUE,0.224947782685332,0.188,-0.00292829151230816,0.106976891238582,0.0713349204382782,0,500
E,CO,0,1,20261246,TRUE,0.224947782685332,0.174,-0.00156861311654171,0.102873673145778,0.0709791875261202,0,500
E,CO,0.25,0,20261247,TRUE,0.224947782685332,0.436,-0.125348622006011,0.105567885710808,0.0715363194984764,0,500
E,CO,0.25,0.1,20261248,TRUE,0.224947782685332,0.482,-0.133597703764161,0.107310497489179,0.0715194809423712,0,500
E,CO,0.25,0.2,20261249,TRUE,0.224947782685332,0.46,-0.126017058592013,0.108494449279885,0.0713424990028443,0,500
E,CO,0.25,0.5,20261250,TRUE,0.224947782685332,0.418,-0.121500898651478,0.105611309099386,0.0720141145372501,0,500
E,CO,0.25,1,20261251,TRUE,0.224947782685332,0.476,-0.132987612404393,0.106706176680397,0.0713354635890075,0,500
E,CO,0.3,0,20261252,TRUE,0.224947782685332,0.576,-0.159513765091373,0.108249729173834,0.0715732088875669,0,500
E,CO,0.3,0.1,20261253,TRUE,0.224947782685332,0.582,-0.15910967437081,0.105637816034664,0.0716267320106733,0,500
E,CO,0.3,0.2,20261254,TRUE,0.224947782685332,0.558,-0.159201790808146,0.107736654996642,0.0720726304913598,0,500
E,CO,0.3,0.5,20261255,TRUE,0.224947782685332,0.54,-0.1504706735194,0.110007032633655,0.0715974825787262,0,500
E,CO,0.3,1,20261256,TRUE,0.224947782685332,0.554,-0.154353737595769,0.103701709944876,0.0716058879312062,0,500
E,CO,0.6,0,20261257,TRUE,0.224947782685332,0.952,-0.316211371699706,0.105397132431985,0.0716861317812239,0,500
E,CO,0.6,0.1,20261258,TRUE,0.224947782685332,0.944,-0.309620210323599,0.109132814120836,0.0714375685801346,0,500
E,CO,0.6,0.2,20261259,TRUE,0.224947782685332,0.96,-0.313543575107469,0.101414255087231,0.0711183449980952,0,500
E,CO,0.6,0.5,20261260,TRUE,0.224947782685332,0.926,-0.308109015459586,0.107812962682059,0.0717691813498266,0,500
E,CO,0.6,1,20261261,TRUE,0.224947782685332,0.938,-0.311258182371715,0.10965071991041,0.0719806301761735,0,500
E,Hybrid,0,0,20261262,TRUE,0.0974503873774271,0.068,0.00419010960120974,0.0741069548733584,0.071394940695251,0,500
E,Hybrid,0,0.1,20261263,TRUE,0.0974503873774271,0.076,0.00604387435305665,0.0777183808320359,0.0723082935134944,0,500
E,Hybrid,0,0.2,20261264,TRUE,0.0974503873774271,0.084,-0.00410821176398724,0.0811298771584123,0.0720586391233236,0,500
E,Hybrid,0,0.5,20261265,TRUE,0.0974503873774271,0.054,0.00328465208644289,0.0757109746254871,0.0722990287035218,0,500
E,Hybrid,0,1,20261266,TRUE,0.0974503873774271,0.072,-0.00600212567134477,0.080910730861486,0.0729052371030829,0,500
E,Hybrid,0.25,0,20261267,TRUE,0.0974503873774271,0.392,-0.125938835440805,0.0811060337484312,0.0720265286827668,0,500
E,Hybrid,0.25,0.1,20261268,TRUE,0.0974503873774271,0.452,-0.132123014437219,0.0801116663469055,0.0723082754661396,0,500
E,Hybrid,0.25,0.2,20261269,TRUE,0.0974503873774271,0.476,-0.129724186903221,0.0793221277006721,0.0726634057902523,0,500
E,Hybrid,0.25,0.5,20261270,TRUE,0.0974503873774271,0.478,-0.131612647733931,0.0752223566253738,0.0725788795275996,0,500
E,Hybrid,0.25,1,20261271,TRUE,0.0974503873774271,0.448,-0.129649728480514,0.0746885838711414,0.0730323683868591,0,500
E,Hybrid,0.3,0,20261272,TRUE,0.0974503873774271,0.586,-0.157293204937423,0.0783640231324815,0.0722415627602318,0,500
E,Hybrid,0.3,0.1,20261273,TRUE,0.0974503873774271,0.59,-0.158040259714798,0.0809717186931984,0.0721977852295272,0,500
E,Hybrid,0.3,0.2,20261274,TRUE,0.0974503873774271,0.568,-0.15342340045077,0.0746796433814289,0.0720673195549624,0,500
E,Hybrid,0.3,0.5,20261275,TRUE,0.0974503873774271,0.576,-0.157123705470734,0.0799697013418682,0.071637461846232,0,500
E,Hybrid,0.3,1,20261276,TRUE,0.0974503873774271,0.562,-0.157181167887418,0.0812582359612405,0.072575714795514,0,500
E,Hybrid,0.6,0,20261277,TRUE,0.0974503873774271,0.982,-0.314776425331164,0.0812195291160958,0.0720422736582198,0,500
E,Hybrid,0.6,0.1,20261278,TRUE,0.0974503873774271,0.982,-0.3104260289248,0.0795145143428792,0.0721824183840852,0,500
E,Hybrid,0.6,0.2,20261279,TRUE,0.0974503873774271,0.98,-0.312993620209135,0.0773904112093049,0.0721465469625381,0,500
E,Hybrid,0.6,0.5,20261280,TRUE,0.0974503873774271,0.984,-0.314209618985642,0.0773439916735595,0.0731881317519434,0,500
E,Hybrid,0.6,1,20261281,TRUE,0.0974503873774271,0.984,-0.310951153526479,0.080324646771912,0.0728428157422444,0,500
E,OL+BDC,0,0,20261282,TRUE,0.0975774441041551,0.088,0.00145103321587746,0.090711492872178,0.0788413389864079,0,500
E,OL+BDC,0,0.1,20261283,TRUE,0.0975774441041551,0.09,0.00236064166825683,0.0892036889189247,0.0786643727409989,0,500
E,OL+BDC,0,0.2,20261284,TRUE,0.0975774441041551,0.096,-0.00263874656783184,0.0941719396291498,0.0781890092097331,0,500
E,OL+BDC,0,0.5,20261285,TRUE,0.0975774441041551,0.09,0.00267281353797529,0.0940935635195227,0.0779867322519743,0,500
E,OL+BDC,0,1,20261286,TRUE,0.0975774441041551,0.086,-0.0019516613753606,0.0912841347849206,0.0788755268637988,0,500
E,OL+BDC,0.25,0,20261287,TRUE,0.0975774441041551,0.428,-0.136231337148297,0.0949497751709707,0.0786555944015778,0,500
E,OL+BDC,0.25,0.1,20261288,TRUE,0.0975774441041551,0.382,-0.12604877720376,0.0875369247606944,0.0787350657149114,0,500
E,OL+BDC,0.25,0.2,20261289,TRUE,0.0975774441041551,0.362,-0.123925075350627,0.0918052716008517,0.0784526083380587,0,500
E,OL+BDC,0.25,0.5,20261290,TRUE,0.0975774441041551,0.444,-0.139608876869141,0.0899159397619723,0.0788024446029653,0,500
E,OL+BDC,0.25,1,20261291,TRUE,0.0975774441041551,0.39,-0.123544233229377,0.0960709954231234,0.0789863697605393,0,500
E,OL+BDC,0.3,0,20261292,TRUE,0.0975774441041551,0.524,-0.155406559849159,0.091678822961791,0.0784420465479148,0,500
E,OL+BDC,0.3,0.1,20261293,TRUE,0.0975774441041551,0.548,-0.157797469502915,0.0867282303611698,0.0783378985217699,0,500
E,OL+BDC,0.3,0.2,20261294,TRUE,0.0975774441041551,0.534,-0.157601134730334,0.0920483678557942,0.0780953350186202,0,500
E,OL+BDC,0.3,0.5,20261295,TRUE,0.0975774441041551,0.534,-0.159333856047309,0.0876632491221633,0.0784018895894431,0,500
E,OL+BDC,0.3,1,20261296,TRUE,0.0975774441041551,0.508,-0.153859208206638,0.0863632773117184,0.0791475985139866,0,500
E,OL+BDC,0.6,0,20261297,TRUE,0.0975774441041551,0.952,-0.307279126567574,0.0855012018883096,0.0778300678861947,0,500
E,OL+BDC,0.6,0.1,20261298,TRUE,0.0975774441041551,0.958,-0.319827768338953,0.0948297920290906,0.0792677544714269,0,500
E,OL+BDC,0.6,0.2,20261299,TRUE,0.0975774441041551,0.97,-0.312424776101297,0.0862134693266514,0.0780994014654216,0,500
E,OL+BDC,0.6,0.5,20261300,TRUE,0.0975774441041551,0.956,-0.309579080879492,0.0857338751980597,0.0789599610853979,0,500
E,OL+BDC,0.6,1,20261301,TRUE,0.0975774441041551,0.944,-0.311535255675807,0.101320493502379,0.0787688704567036,0,500
