arm,design,t_half,p_crit,type1
A,CO,0,0.0531193426949026,0.05
A,CO,0.1,0.0445159896045105,0.052
A,CO,0.2,0.043920640485456,0.054
A,CO,0.5,0.0430437412464594,0.058
A,CO,1,0.0796202770672846,0.028
A,Hybrid,0,0.0813428327878397,0.034
A,Hybrid,0.1,0.0584829603157485,0.042
A,Hybrid,0.2,0.0306046496192902,0.072
A,Hybrid,0.5,0.0477093307876579,0.058
A,Hybrid,1,0.0351179468354212,0.074
A,OL+BDC,0,0.0223276213411988,0.086
A,OL+BDC,0.1,0.017466703623404,0.114
A,OL+BDC,0.2,0.0345145452087397,0.078
A,OL+BDC,0.5,0.0278931630324951,0.08
A,OL+BDC,1,0.0254552016036609,0.1
B,CO,0,0.00605274264973867,0.168
B,CO,0.1,0.0075144520674541,0.174
B,CO,0.2,0.0103121466408796,0.146
B,CO,0.5,0.0073022251649043,0.17
B,CO,1,0.00711922905430195,0.142
B,Hybrid,0,0.0279430932746612,0.08
B,Hybrid,0.1,0.0267942697575317,0.078
B,Hybrid,0.2,0.0329740694977656,0.074
B,Hybrid,0.5,0.0434709681243752,0.058
B,Hybrid,1,0.0567728707707053,0.044
B,OL+BDC,0,0.0326139163691832,0.076
B,OL+BDC,0.1,0.0309414160882371,0.076
B,OL+BDC,0.2,0.0440098235843214,0.062
B,OL+BDC,0.5,0.0358895216028947,0.068
B,OL+BDC,1,0.0253949912610253,0.102
C,CO,0,0.00218907745613794,0.2
C,CO,0.1,0.0029304942817046,0.204
C,CO,0.2,0.00364606491124121,0.198
C,CO,0.5,0.0011452951428447,0.232
C,CO,1,0.00408484298400685,0.208
C,Hybrid,0,0.035806651642452,0.06
C,Hybrid,0.1,0.0372002175196932,0.062
C,Hybrid,0.2,0.0262081954942256,0.084
C,Hybrid,0.5,0.0260228032412169,0.086
C,Hybrid,1,0.0258512457410292,0.072
C,OL+BDC,0,0.017139958352155,0.104
C,OL+BDC,0.1,0.0256315582494173,0.086
C,OL+BDC,0.2,0.0314425226851319,0.076
C,OL+BDC,0.5,0.0179371637074653,0.104
C,OL+BDC,1,0.026890318501581,0.086
D,CO,0,0.055158465425791,0.04
D,CO,0.1,0.0529794297174039,0.048
D,CO,0.2,0.0447748738441898,0.056
D,CO,0.5,0.0687708464327371,0.032
D,CO,1,0.0528374941844984,0.044
D,Hybrid,0,0.0496364485711308,0.052
D,Hybrid,0.1,0.0500379958389706,0.05
D,Hybrid,0.2,0.0461469426018939,0.06
D,Hybrid,0.5,0.038590147417337,0.058
D,Hybrid,1,0.0451943047721463,0.056
D,OL+BDC,0,0.0295015084610087,0.07
D,OL+BDC,0.1,0.0222297911092355,0.114
D,OL+BDC,0.2,0.0369696849826879,0.068
D,OL+BDC,0.5,0.0365699255370447,0.062
D,OL+BDC,1,0.0396112888473792,0.06
E,CO,0,0.00669532620355332,0.19
E,CO,0.1,0.00595568205727895,0.168
E,CO,0.2,0.00312726698423893,0.202
E,CO,0.5,0.00275312760925538,0.188
E,CO,1,0.00655229023757621,0.174
E,Hybrid,0,0.0352703825394096,0.068
E,Hybrid,0.1,0.0349286973879834,0.076
E,Hybrid,0.2,0.0284481614783461,0.084
E,Hybrid,0.5,0.0483374391537006,0.054
E,Hybrid,1,0.0352504535624432,0.072
E,OL+BDC,0,0.0248409628869544,0.088
E,OL+BDC,0.1,0.0266746501383314,0.09
E,OL+BDC,0.2,0.0226233044726156,0.096
E,OL+BDC,0.5,0.0198174691627403,0.09
E,OL+BDC,1,0.0191456970398086,0.086
F,CO,0,0.00591543608198601,0.15
F,CO,0.1,0.004435565805922,0.148
F,CO,0.2,0.00537012205861594,0.166
F,CO,0.5,0.00491630174105219,0.174
F,CO,1,0.00846323974883076,0.178
F,Hybrid,0,0.0495610719943024,0.052
F,Hybrid,0.1,0.033035755130157,0.066
F,Hybrid,0.2,0.05345520213871,0.046
F,Hybrid,0.5,0.0333467804596121,0.086
F,Hybrid,1,0.0519761370939084,0.046
F,OL+BDC,0,0.022345734952757,0.086
F,OL+BDC,0.1,0.0287023644248285,0.072
F,OL+BDC,0.2,0.03118318158965,0.08
F,OL+BDC,0.5,0.027035906147153,0.096
F,OL+BDC,1,0.0425846328268118,0.062
