structure,t_half,switches,best_power
CS,0.5,1,0.764988608556878
CS,1,1,0.75867960762627
CS,2,1,0.730881487617306
nug0.2,0.5,1,0.267577801654459
nug0.2,1,1,0.221045229850022
nug0.2,2,1,0.209587861500225
nug0.5,0.5,1,0.256642376855534
nug0.5,1,1,0.243157082772907
nug0.5,2,1,0.230289219491425
CS,0.5,3,0.764208735471651
CS,1,3,0.74583193609167
CS,2,3,0.674815280751534
nug0.2,0.5,3,0.453232194254368
nug0.2,1,3,0.338925263302938
nug0.2,2,3,0.26866485104081
nug0.5,0.5,3,0.346515986206376
nug0.5,1,3,0.304672973873701
nug0.5,2,3,0.258889994973639
CS,0.5,5,0.763427357025807
CS,1,5,0.73263586187636
CS,2,5,0.615581372218035
nug0.2,0.5,5,0.51026447639268
nug0.2,1,5,0.397187337976075
nug0.2,2,5,0.297209908616853
nug0.5,0.5,5,0.380684937468661
nug0.5,1,5,0.332164589212213
nug0.5,2,5,0.260590636902549
CS,0.5,7,0.762645994005961
CS,1,7,0.719482931806645
CS,2,7,0.559324858615587
nug0.2,0.5,7,0.546812442717029
nug0.2,1,7,0.435163145981154
nug0.2,2,7,0.313910289168833
nug0.5,0.5,7,0.400435759850687
nug0.5,1,7,0.351727029793145
nug0.5,2,7,0.257132622531322
CS,0.5,2,0.764598871722495
CS,1,2,0.752305381670066
CS,2,2,0.703354363255627
nug0.2,0.5,2,0.386145634836537
nug0.2,1,2,0.281751745579362
nug0.2,2,2,0.23903214425204
nug0.5,0.5,2,0.315281783376156
nug0.5,1,2,0.275156054005952
nug0.5,2,2,0.24671234773785
CS,0.5,4,0.763818242740976
CS,1,4,0.739269903522817
CS,2,4,0.644795926724318
nug0.2,0.5,4,0.512006793739016
nug0.2,1,4,0.389497467405401
nug0.2,2,4,0.291469182751236
nug0.5,0.5,4,0.378390307856126
nug0.5,1,4,0.326211808224845
nug0.5,2,4,0.264592960578768
CS,0.5,6,0.76303610942357
CS,1,6,0.725891882218849
CS,2,6,0.583738200864549
nug0.2,0.5,6,0.521627300672589
nug0.2,1,6,0.40430604904272
nug0.2,2,6,0.300527691147817
nug0.5,0.5,6,0.385287424324328
nug0.5,1,6,0.340023410990716
nug0.5,2,6,0.257699114346157
