structure,t_half,d,pattern,n_on,switches,info,power
CS,0.5,0.5,11110000,4,1,0.0807795599369031,0.661216925216743
CS,1,0.5,11110000,4,1,0.0662756779781194,0.549111992329653
CS,2,0.5,11110000,4,1,0.0564594873257826,0.437003302899923
nug0.2,0.5,0.5,11000110,4,3,0.0447810438193592,0.415862925822842
nug0.2,1,0.5,11000110,4,3,0.0280953844350263,0.270579205693963
nug0.2,2,0.5,11100001,4,2,0.0195145695851435,0.187616167423382
nug0.5,0.5,0.5,11000011,4,2,0.0285169548003113,0.285108364668707
nug0.5,1,0.5,11100000,3,1,0.0209987166368286,0.211980097826165
nug0.5,2,0.5,11110000,4,1,0.0177491624150109,0.16613322931031
CS,0.5,1,11110000,4,1,0.092957699598211,0.730881487617306
CS,1,1,11110000,4,1,0.0807795599369031,0.661216925216743
CS,2,1,11110000,4,1,0.0662756779781194,0.549111992329653
nug0.2,0.5,1,10011001,4,4,0.0569769703317289,0.512006793739016
nug0.2,1,1,10011001,4,4,0.0347026821233969,0.336618084965118
nug0.2,2,1,11000110,4,3,0.0206819981000509,0.210392205884579
nug0.5,0.5,1,10011001,4,4,0.0357707328437924,0.346023655219012
nug0.5,1,1,11000110,4,3,0.0241718307563864,0.24639604384976
nug0.5,2,1,11100000,3,1,0.0171137911709212,0.180795073190031
CS,0.5,1.5,11110000,4,1,0.0970650682203934,0.75088489050833
CS,1,1.5,11110000,4,1,0.0886349028227552,0.708067259084968
CS,2,1.5,11110000,4,1,0.0745656948052362,0.618110091541383
nug0.2,0.5,1.5,10101010,4,7,0.0613395103219971,0.543078993559026
nug0.2,1,1.5,10011001,4,4,0.039741503179562,0.378550167279643
nug0.2,2,1.5,11000110,4,3,0.0224548529296669,0.229965258761127
nug0.5,0.5,1.5,10011001,4,4,0.0394168875232324,0.376014805584851
nug0.5,1,1.5,11000110,4,3,0.0277676362622402,0.278213590070353
nug0.5,2,1.5,11000001,3,2,0.018509853367827,0.20011701405486
CS,0.5,2,11110000,4,1,0.0987548797303405,0.75867960762627
CS,1,2,11110000,4,1,0.092957699598211,0.730881487617306
CS,2,2,11110000,4,1,0.0807795599369031,0.661216925216743
nug0.2,0.5,2,10101010,4,7,0.0618624633228119,0.546812442717029
nug0.2,1,2,10101010,4,7,0.0431505141889733,0.405724142285857
nug0.2,2,2,10011001,4,4,0.024858318059462,0.253875624901277
nug0.5,0.5,2,10101010,4,7,0.0417392157269842,0.394829443113952
nug0.5,1,2,10011001,4,4,0.0310550698567446,0.306668274177947
nug0.5,2,2,11000110,4,3,0.0204704525754775,0.215270313407567
CS,0.5,2.5,11110000,4,1,0.0995249689041214,0.762152047051742
CS,1,2.5,11110000,4,1,0.0954929438987082,0.743410062153378
CS,2,2.5,11110000,4,1,0.0853147292909986,0.689180465834177
nug0.2,0.5,2.5,10101010,4,7,0.0597659969702458,0.532076557416373
nug0.2,1,2.5,10101010,4,7,0.0458355414855914,0.427303621687943
nug0.2,2,2.5,10010010,3,5,0.0268035577905878,0.270611245320985
nug0.5,0.5,2.5,10101010,4,7,0.0424340153868952,0.400435759850687
nug0.5,1,2.5,10011001,4,4,0.0326929205978628,0.320417322138479
nug0.5,2,2.5,11000110,4,3,0.0222013613636355,0.230697278786246
CS,0.5,3,11110000,4,1,0.0998931146484856,0.763794793265597
CS,1,3,11110000,4,1,0.0970650682203934,0.75088489050833
CS,2,3,11110000,4,1,0.0886349028227552,0.708067259084968
nug0.2,0.5,3,10101010,4,7,0.0568095626689509,0.51081457731126
nug0.2,1,3,10101010,4,7,0.0468220357225212,0.435163145981154
nug0.2,2,3,10101010,4,7,0.0287851901407962,0.286681692736985
nug0.5,0.5,3,10101010,4,7,0.0420879165964114,0.397656465833974
nug0.5,1,3,10101010,4,7,0.0345941280375971,0.336204453187442
nug0.5,2,3,11000110,4,3,0.0235185484479701,0.242286027696873
CS,0.5,4,11110000,4,1,0.100162220743566,0.764988608556878
CS,1,4,11110000,4,1,0.0987548797303405,0.75867960762627
CS,2,4,11110000,4,1,0.092957699598211,0.730881487617306
nug0.2,0.5,4,10101010,4,7,0.0509168522778576,0.466894423277715
nug0.2,1,4,10101010,4,7,0.0460502099191793,0.429176925130191
nug0.2,2,4,10101010,4,7,0.0319602443871226,0.313910289168833
nug0.5,0.5,4,10101010,4,7,0.0403558374239446,0.383656062207599
nug0.5,1,4,10101010,4,7,0.036459932661662,0.351727029793145
nug0.5,2,4,10011001,4,4,0.026072961432042,0.264592960578768
