cell,mc_power
k0in_10011001_d4.0_nug0.5_t2.0,0.255
k0in_10101010_d2.0_nug0.2_t0.5,0.5456
k0in_10101010_d2.5_CS_t0.5,0.7402
k0in_10101010_d2.5_CS_t1.0,0.6228
k0in_10101010_d2.5_CS_t2.0,0.4122
k0in_10101010_d2.5_nug0.2_t0.5,0.5454
k0in_10101010_d2.5_nug0.2_t1.0,0.4238
k0in_10101010_d2.5_nug0.2_t2.0,0.266
k0in_10101010_d2.5_nug0.5_t0.5,0.4028
k0in_10101010_d2.5_nug0.5_t1.0,0.3246
k0in_10101010_d2.5_nug0.5_t2.0,0.203
k0in_10101010_d3.0_nug0.2_t1.0,0.4364
k0in_10101010_d4.0_nug0.2_t2.0,0.311
k0in_10101010_d4.0_nug0.5_t1.0,0.3506
k0in_11001100_d2.5_CS_t0.5,0.747
k0in_11001100_d2.5_CS_t1.0,0.7034
k0in_11001100_d2.5_CS_t2.0,0.5524
k0in_11001100_d2.5_nug0.2_t0.5,0.3762
k0in_11001100_d2.5_nug0.2_t1.0,0.3242
k0in_11001100_d2.5_nug0.2_t2.0,0.2392
k0in_11001100_d2.5_nug0.5_t0.5,0.3428
k0in_11001100_d2.5_nug0.5_t1.0,0.304
k0in_11001100_d2.5_nug0.5_t2.0,0.2376
k0in_11110000_d2.5_CS_t0.5,0.7664
k0in_11110000_d2.5_CS_t1.0,0.7522
k0in_11110000_d2.5_CS_t2.0,0.6878
k0in_11110000_d2.5_nug0.2_t0.5,0.215
k0in_11110000_d2.5_nug0.2_t1.0,0.2008
k0in_11110000_d2.5_nug0.2_t2.0,0.1874
k0in_11110000_d2.5_nug0.5_t0.5,0.2446
k0in_11110000_d2.5_nug0.5_t1.0,0.236
k0in_11110000_d2.5_nug0.5_t2.0,0.2034
k0in_11110000_d4.0_CS_t0.5,0.7642
k0in_11110000_d4.0_CS_t1.0,0.757
k0in_11110000_d4.0_CS_t2.0,0.74
k2in_111000_d4.0_CS_t1.0,0.6654
k2in_101010_d4.0_nug0.2_t1.0,0.315
k2in_101010_d4.0_nug0.5_t1.0,0.2884
k2out_111000_d4.0_CS_t1.0,0.6176
k2out_101010_d4.0_nug0.2_t1.0,0.3302
k2out_101010_d4.0_nug0.5_t1.0,0.2762
