analysis,maximin,worst_cell,mean_power_adj,set
C1,0.034,weibull0.5 0.3,0.475181818181818,non-prognostic
C2,0.04,weibull2 0.3,0.480727272727273,non-prognostic
S,0.144,weibull0.5 0.3,0.406545454545455,non-prognostic
F2,0.16,weibull0.5 0.3,0.398909090909091,non-prognostic
DS,0.182,curve-CS 0.25,0.390636363636364,non-prognostic
F1,0.242,curve-C07 0.3,0.341272727272727,non-prognostic
ES,0.278,weibull0.5 0.3,0.351727272727273,non-prognostic
EA,0.318,weibull0.5 0.3,0.326454545454545,non-prognostic
C2,0.04,weibull2 0.3,0.51184,all
C1,0.064,prog-TV-grow 0.3,0.50544,all
DS,0.214,prog-TV-grow 0.3,0.41264,all
S,0.22,prog-TV-grow 0.3,0.42872,all
F2,0.244,prog-TV-grow 0.3,0.41976,all
F1,0.358,prog-TV-grow 0.3,0.35256,all
EA,0.528,prog-TV-grow 0.3,0.32824,all
ES,0.544,prog-TV-grow 0.3,0.35192,all
