label,cbm,analysis,power_adj
N150,0.3,C1,0.918
N150,0.3,DS,0.822
N150,0.3,ES,0.704
N150,0.3,F1,0.748
N150,0.3,G1,0.752
N150,0.3,G2,0.754
N150,0.3,S,0.828
N35,0.3,C1,0.272
N35,0.3,DS,0.232
N35,0.3,ES,0.206
N35,0.3,F1,0.192
N35,0.3,G1,0.214
N35,0.3,G2,0.218
N35,0.3,S,0.222
curve-C07,-0.3,C1,0.524
curve-C07,0.075,C1,0.082
curve-C07,0.15,C1,0.204
curve-C07,0.225,C1,0.342
curve-C07,0.3,C1,0.578
curve-C07,0.375,C1,0.758
curve-C07,0.45,C1,0.87
curve-C07,-0.3,DS,0.422
curve-C07,0.075,DS,0.08
curve-C07,0.15,DS,0.154
curve-C07,0.225,DS,0.274
curve-C07,0.3,DS,0.486
curve-C07,0.375,DS,0.646
curve-C07,0.45,DS,0.78
curve-C07,-0.3,ES,0.336
curve-C07,0.075,ES,0.056
curve-C07,0.15,ES,0.108
curve-C07,0.225,ES,0.212
curve-C07,0.3,ES,0.364
curve-C07,0.375,ES,0.528
curve-C07,0.45,ES,0.656
curve-C07,-0.3,F1,0.352
curve-C07,0.075,F1,0.064
curve-C07,0.15,F1,0.094
curve-C07,0.225,F1,0.226
curve-C07,0.3,F1,0.364
curve-C07,0.375,F1,0.54
curve-C07,0.45,F1,0.672
curve-C07,-0.3,G1,0.34
curve-C07,0.075,G1,0.052
curve-C07,0.15,G1,0.096
curve-C07,0.225,G1,0.222
curve-C07,0.3,G1,0.354
curve-C07,0.375,G1,0.518
curve-C07,0.45,G1,0.664
curve-C07,-0.3,G2,0.36
curve-C07,0.075,G2,0.054
curve-C07,0.15,G2,0.118
curve-C07,0.225,G2,0.24
curve-C07,0.3,G2,0.38
curve-C07,0.375,G2,0.532
curve-C07,0.45,G2,0.676
curve-C07,-0.3,S,0.45
curve-C07,0.075,S,0.084
curve-C07,0.15,S,0.166
curve-C07,0.225,S,0.302
curve-C07,0.3,S,0.514
curve-C07,0.375,S,0.668
curve-C07,0.45,S,0.808
curve-CS,-0.2,C1,0.402
curve-CS,0.05,C1,0.056
curve-CS,0.1,C1,0.142
curve-CS,0.15,C1,0.306
curve-CS,0.2,C1,0.472
curve-CS,0.25,C1,0.66
curve-CS,-0.2,DS,0.274
curve-CS,0.05,DS,0.07
curve-CS,0.1,DS,0.114
curve-CS,0.15,DS,0.226
curve-CS,0.2,DS,0.318
curve-CS,0.25,DS,0.48
curve-CS,-0.2,ES,0.398
curve-CS,0.05,ES,0.066
curve-CS,0.1,ES,0.138
curve-CS,0.15,ES,0.27
curve-CS,0.2,ES,0.462
curve-CS,0.25,ES,0.662
curve-CS,-0.2,F1,0.316
curve-CS,0.05,F1,0.066
curve-CS,0.1,F1,0.1
curve-CS,0.15,F1,0.23
curve-CS,0.2,F1,0.364
curve-CS,0.25,F1,0.522
curve-CS,-0.2,G1,0.324
curve-CS,0.05,G1,0.066
curve-CS,0.1,G1,0.12
curve-CS,0.15,G1,0.244
curve-CS,0.2,G1,0.378
curve-CS,0.25,G1,0.546
curve-CS,-0.2,G2,0.326
curve-CS,0.05,G2,0.06
curve-CS,0.1,G2,0.12
curve-CS,0.15,G2,0.234
curve-CS,0.2,G2,0.378
curve-CS,0.25,G2,0.528
curve-CS,-0.2,S,0.32
curve-CS,0.05,S,0.068
curve-CS,0.1,S,0.112
curve-CS,0.15,S,0.26
curve-CS,0.2,S,0.37
curve-CS,0.25,S,0.554
dropout-MAR,0.3,C1,0.518
dropout-MAR,0.3,DS,0.424
dropout-MAR,0.3,ES,0.356
dropout-MAR,0.3,F1,0.382
dropout-MAR,0.3,G1,0.404
dropout-MAR,0.3,G2,0.378
dropout-MAR,0.3,S,0.418
dropout-MCAR,0.3,C1,0.542
dropout-MCAR,0.3,DS,0.426
dropout-MCAR,0.3,ES,0.36
dropout-MCAR,0.3,F1,0.378
dropout-MCAR,0.3,G1,0.394
dropout-MCAR,0.3,G2,0.406
dropout-MCAR,0.3,S,0.426
meas-error,0.3,C1,0.444
meas-error,0.3,DS,0.402
meas-error,0.3,ES,0.336
meas-error,0.3,F1,0.318
meas-error,0.3,G1,0.32
meas-error,0.3,G2,0.33
meas-error,0.3,S,0.4
prog-PB,0.3,C1,0.736
prog-PB,0.3,DS,0.61
prog-PB,0.3,ES,0.498
prog-PB,0.3,F1,0.446
prog-PB,0.3,G1,0.428
prog-PB,0.3,G2,0.424
prog-PB,0.3,S,0.652
prog-TV-const,0.3,C1,0.774
prog-TV-const,0.3,DS,0.59
prog-TV-const,0.3,ES,0.37
prog-TV-const,0.3,F1,0.482
prog-TV-const,0.3,G1,0.52
prog-TV-const,0.3,G2,0.524
prog-TV-const,0.3,S,0.606
prog-TV-grow,0.3,C1,0.672
prog-TV-grow,0.3,DS,0.522
prog-TV-grow,0.3,ES,0.192
prog-TV-grow,0.3,F1,0.378
prog-TV-grow,0.3,G1,0.484
prog-TV-grow,0.3,G2,0.49
prog-TV-grow,0.3,S,0.516
thalf0,0.3,C1,0.666
thalf0,0.3,DS,0.588
thalf0,0.3,ES,0.504
thalf0,0.3,F1,0.496
thalf0,0.3,G1,0.51
thalf0,0.3,G2,0.532
thalf0,0.3,S,0.594
thalf1,0.3,C1,0.502
thalf1,0.3,DS,0.412
thalf1,0.3,ES,0.288
thalf1,0.3,F1,0.272
thalf1,0.3,G1,0.282
thalf1,0.3,G2,0.306
thalf1,0.3,S,0.388
weibull0.5,0.3,C1,0.514
weibull0.5,0.3,DS,0.376
weibull0.5,0.3,ES,0.27
weibull0.5,0.3,F1,0.308
weibull0.5,0.3,G1,0.296
weibull0.5,0.3,G2,0.378
weibull0.5,0.3,S,0.404
weibull2,0.3,C1,0.682
weibull2,0.3,DS,0.588
weibull2,0.3,ES,0.458
weibull2,0.3,F1,0.504
weibull2,0.3,G1,0.526
weibull2,0.3,G2,0.526
weibull2,0.3,S,0.588
