cell,label,cbm,hyp,analysis,reject,fails,fits,mean_est,emp_sd,mean_se,kappa,mcse
1,curve-C07,-0.3,alt,S,0.446,0,500,0.15575844206515,0.0783142713456602,0.0787349861754009,1.00537213489332,0.0222298897883008
1,curve-C07,-0.3,alt,G1,0.38430583501006,3,500,0.154513920016051,0.0900209081926605,0.0875930275699551,0.973029814168178,0.0218194004913373
1,curve-C07,-0.3,alt,G2,0.41046277665996,3,500,0.154513920016051,0.0900209081926605,0.0896615156127174,0.996007676581378,0.0220655273277258
2,curve-C07,0,null,S,0.0490490490490491,1,1000,0.00126795467592182,0.0843569841179786,0.0808176964728495,0.958043928642836,0.00683300298303749
2,curve-C07,0,null,G1,0.06,0,1000,0.000310196573605655,0.0947234550706282,0.0885795806783282,0.935138827149844,0.00750999334220744
2,curve-C07,0,null,G2,0.066,0,1000,0.000310196573605655,0.0947234550706282,0.0905377852018586,0.955811685018788,0.00785136930732468
3,curve-C07,0.075,alt,S,0.08,0,500,-0.0375401672526229,0.0815074197030592,0.0799090255059236,0.980389586580477,0.0121326007104825
3,curve-C07,0.075,alt,G1,0.064,0,500,-0.0407411079102859,0.0878197373607086,0.0879719154231785,1.00173284579348,0.0109456840809517
3,curve-C07,0.075,alt,G2,0.068,0,500,-0.0407411079102859,0.0878197373607086,0.0898132612924072,1.02270018097994,0.0112584190719657
4,curve-C07,0.15,alt,S,0.162,0,500,-0.0825338872221137,0.0829648005916823,0.0812094267557678,0.97884194473565,0.016477621187538
4,curve-C07,0.15,alt,G1,0.138,0,500,-0.0820064311899883,0.0901765741994908,0.0902657348597435,1.00098873417009,0.01542439626047
4,curve-C07,0.15,alt,G2,0.142,0,500,-0.0820064311899883,0.0901765741994908,0.0906887682936172,1.00567990188886,0.0156099967969247
5,curve-C07,0.225,alt,S,0.3,0,500,-0.118481766185704,0.0857604093757447,0.0799591277637379,0.932354781719972,0.0204939015319192
5,curve-C07,0.225,alt,G1,0.258,0,500,-0.119534691371984,0.096479474984405,0.0888481903252209,0.920902506357776,0.0195671152702691
5,curve-C07,0.225,alt,G2,0.274,0,500,-0.119534691371984,0.096479474984405,0.0909125962943594,0.942299865427901,0.0199461274436919
6,curve-C07,0.3,alt,S,0.508,0,500,-0.159668328209261,0.0803639739313385,0.0779498568891657,0.969960208236649,0.0223578174247846
6,curve-C07,0.3,alt,G1,0.408,0,500,-0.16047324039042,0.089612854201186,0.0868779341284906,0.969480716833822,0.0219788989715136
6,curve-C07,0.3,alt,G2,0.426,0,500,-0.16047324039042,0.089612854201186,0.0902030040380556,1.0065855489386,0.0221144296783797
7,curve-C07,0.375,alt,S,0.664,0,500,-0.194340989205842,0.0815203774088277,0.0775933058181229,0.951827117151208,0.0211236360506424
7,curve-C07,0.375,alt,G1,0.584,0,500,-0.19545306858679,0.0864880979844211,0.0859577910291403,0.993868440078583,0.022042867327097
7,curve-C07,0.375,alt,G2,0.578,0,500,-0.19545306858679,0.0864880979844211,0.0909868691349759,1.05201607221568,0.0220869192057199
8,curve-C07,0.45,alt,S,0.808,0,500,-0.22523128830246,0.0832472684237129,0.0756871333214174,0.909184586528223,0.0176145394489893
8,curve-C07,0.45,alt,G1,0.714,0,500,-0.225980137435431,0.0884634244534572,0.0843760203915674,0.953795547853336,0.0202091068580479
8,curve-C07,0.45,alt,G2,0.712,0,500,-0.225980137435431,0.0884634244534572,0.0895191216516213,1.01193371390138,0.0202512221853398
9,curve-CS,-0.2,alt,S,0.318,0,500,0.0970331400663993,0.0625409524193267,0.0611481350607561,0.977729514746881,0.0208267136149706
9,curve-CS,-0.2,alt,G1,0.346,0,500,0.0976632102808292,0.0602922318334063,0.0601191016800714,0.99712848325447,0.021273645667821
9,curve-CS,-0.2,alt,G2,0.31,0,500,0.0976632102808292,0.0602922318334063,0.0649859725258328,1.07784984150853,0.0206833266183175
10,curve-CS,0,null,S,0.048,0,1000,-0.00117281258887498,0.0630864111074341,0.0621425873822975,0.985039191347732,0.00675988165576884
10,curve-CS,0,null,G1,0.054,0,1000,-0.00258394307594013,0.0636459841948368,0.0612977547305962,0.963104829095704,0.00714730718522718
10,curve-CS,0,null,G2,0.042,0,1000,-0.00258394307594013,0.0636459841948368,0.0651149807445813,1.02308074214467,0.00634318531969546
11,curve-CS,0.05,alt,S,0.068,0,500,-0.0246664897644575,0.0625868438737908,0.0625585573349994,0.999548043373964,0.0112584190719657
11,curve-CS,0.05,alt,G1,0.07,0,500,-0.0239219001416283,0.0632937253018918,0.0604380026504997,0.954881425642571,0.0114105214604767
11,curve-CS,0.05,alt,G2,0.056,0,500,-0.0239219001416283,0.0632937253018918,0.0648822237183068,1.02509724951152,0.0102824121683582
12,curve-CS,0.1,alt,S,0.112,0,500,-0.051104458536687,0.0603508344257714,0.0613465529078883,1.01649883537802,0.014103616557465
12,curve-CS,0.1,alt,G1,0.12,0,500,-0.0490121965655112,0.0613099829098445,0.0597606305452679,0.974729199209614,0.014532721699668
12,curve-CS,0.1,alt,G2,0.104,0,500,-0.0490121965655112,0.0613099829098445,0.0647988912728491,1.05690604037739,0.013651666564929
13,curve-CS,0.15,alt,S,0.254,0,500,-0.0761690498834132,0.0605547562145623,0.0607952927073341,1.00397221469969,0.0194671004517879
13,curve-CS,0.15,alt,G1,0.25,0,500,-0.0805404484506338,0.0617908351746325,0.0601187235405558,0.972939164370397,0.0193649167310371
13,curve-CS,0.15,alt,G2,0.222,0,500,-0.0805404484506338,0.0617908351746325,0.0645061961330224,1.04394439645808,0.0185858010319706
14,curve-CS,0.2,alt,S,0.364,0,500,-0.107672122984782,0.0594689948203768,0.0608317125300224,1.02291475942651,0.021517620686312
14,curve-CS,0.2,alt,G1,0.386,0,500,-0.106081376655419,0.0598486786978576,0.0596445049541878,0.996588500396132,0.0217717247823869
14,curve-CS,0.2,alt,G2,0.364,0,500,-0.106081376655419,0.0598486786978576,0.0645901836135884,1.07922488881781,0.021517620686312
15,curve-CS,0.25,alt,S,0.554,0,500,-0.132993510554778,0.064096200431962,0.0595588067859324,0.929209631531186,0.0222298897883008
15,curve-CS,0.25,alt,G1,0.552,0,500,-0.128711028603667,0.0612339231791951,0.0582681291430302,0.951566160027248,0.0222394244529844
15,curve-CS,0.25,alt,G2,0.504,0,500,-0.128711028603667,0.0612339231791951,0.0641958103747393,1.04837003807312,0.0223599642217961
16,meas-error,0,null,S,0.051,0,1000,-0.000535293650296366,0.0910134159661432,0.0879600176293725,0.966451118174637,0.00695693898205238
16,meas-error,0,null,G1,0.047,0,1000,4.44550590653075e-05,0.100944733418857,0.101366078693804,1.00417401939335,0.00669260786241059
16,meas-error,0,null,G2,0.04,0,1000,4.44550590653075e-05,0.100944733418857,0.104834292605331,1.03853157123448,0.00619677335393187
17,N35,0,null,S,0.058,0,1000,0.00697834414377216,0.122883350431364,0.116394273057297,0.947193192964806,0.00739161687318817
17,N35,0,null,G1,0.0490490490490491,1,1000,0.0100809117237315,0.13121978169433,0.126621319472159,0.964956029016398,0.00683300298303749
17,N35,0,null,G2,0.0500500500500501,1,1000,0.0100809117237315,0.13121978169433,0.130214987840984,0.992342664799681,0.0068987415646053
18,N150,0,null,S,0.047,0,1000,-4.83559370006196e-05,0.054690601080097,0.054998889259413,1.00563694991877,0.00669260786241059
18,N150,0,null,G1,0.048,0,1000,-0.0016420269595486,0.0598496329462398,0.0605293204468554,1.01135658594976,0.00675988165576884
18,N150,0,null,G2,0.048,0,1000,-0.0016420269595486,0.0598496329462398,0.061258057361185,1.02353271600196,0.00675988165576884
19,thalf0,0,null,S,0.0360721442885772,2,1000,0.000453630763881907,0.0789782923689089,0.0803966610292406,1.01795896844296,0.00590259484861489
19,thalf0,0,null,G1,0.0450450450450451,1,1000,0.000243648604301725,0.0858179978366422,0.0883148663775309,1.02909492884746,0.00656193934823729
19,thalf0,0,null,G2,0.043043043043043,1,1000,0.000243648604301725,0.0858179978366422,0.0906175652165247,1.05592728216543,0.00642118143799858
20,thalf1,0,null,S,0.043,0,1000,0.00237767143274077,0.0829767573294362,0.0809606948158719,0.975703286336436,0.00641490451994416
20,thalf1,0,null,G1,0.0550550550550551,1,1000,0.00532092606223528,0.0923906413503165,0.0891170245682161,0.96456765821456,0.00721637527017407
20,thalf1,0,null,G2,0.0530530530530531,1,1000,0.00532092606223528,0.0923906413503165,0.0905841372206027,0.98044710910855,0.00709145368243586
21,weibull0.5,0,null,S,0.047,0,1000,-0.00156999940444214,0.080899956031297,0.0812070770537514,1.00379630641994,0.00669260786241059
21,weibull0.5,0,null,G1,0.052,0,1000,-0.000354446220530953,0.089808863280004,0.0897054747019721,0.998848793156311,0.00702111102319284
21,weibull0.5,0,null,G2,0.048,0,1000,-0.000354446220530953,0.089808863280004,0.0905314513840793,1.00804584400342,0.00675988165576884
22,weibull2,0,null,S,0.0370741482965932,2,1000,-0.00471104282858439,0.0808207953025066,0.0813900475068206,1.00704338780859,0.00598090279315068
22,weibull2,0,null,G1,0.041,0,1000,-0.00351451850776931,0.0881549643738966,0.0895533073477678,1.01586232816045,0.00627048642451285
22,weibull2,0,null,G2,0.035,0,1000,-0.00351451850776931,0.0881549643738966,0.0909418976815735,1.0316140256816,0.00581162627841812
23,dropout-MCAR,0,null,S,0.059,0,1000,0.000408763502518058,0.0891285401938094,0.0848939432962653,0.952488878552975,0.00745110730026082
23,dropout-MCAR,0,null,G1,0.0490490490490491,1,1000,-0.00136411699712587,0.0984051423622611,0.0950609956491198,0.966016545143237,0.00683300298303749
23,dropout-MCAR,0,null,G2,0.0490490490490491,1,1000,-0.00136411699712587,0.0984051423622611,0.0963945213839628,0.979567927752225,0.00683300298303749
24,dropout-MAR,0,null,S,0.0560560560560561,1,1000,-0.00148624897727034,0.0882151263783946,0.0850391071406937,0.963996886156717,0.00727782531920582
24,dropout-MAR,0,null,G1,0.0431293881644935,3,1000,-0.00172589270084653,0.0971874564541994,0.0955873656683218,0.983536035983906,0.0064337721683311
24,dropout-MAR,0,null,G2,0.0471414242728185,3,1000,-0.00172589270084653,0.0971874564541994,0.0965416168637731,0.993354702201403,0.00671224799973738
25,prog-TV-const,0,null,S,0.099,0,1000,-0.0511723974944039,0.0815144142757331,0.0802220572333603,0.98414566241007,0.00944452222190196
25,prog-TV-const,0,null,G1,0.055,0,1000,-0.0313146690030708,0.0891894213650863,0.0888942230163673,0.996690208948541,0.00720936890441875
25,prog-TV-const,0,null,G2,0.062,0,1000,-0.0313146690030708,0.0891894213650863,0.0907787024195425,1.01781916543612,0.00762600813007697
26,prog-TV-grow,0,null,S,0.049,0,1000,-0.00889884291453455,0.0786941062953142,0.080958950054836,1.02878034793384,0.00682634602111554
26,prog-TV-grow,0,null,G1,0.044,0,1000,-0.0171622096579065,0.0878816992277984,0.0888202823247174,1.01068007452252,0.00648567652600714
26,prog-TV-grow,0,null,G2,0.043,0,1000,-0.0171622096579065,0.0878816992277984,0.0905923523641147,1.0308443414287,0.00641490451994416
27,prog-PB,0,null,S,0.1,0,1000,-0.0610056607386805,0.0795394737038284,0.0808154251505189,1.01604173861449,0.00948683298050514
27,prog-PB,0,null,G1,0.042,0,1000,-0.00102528469967441,0.0887457496033054,0.0889429258204591,1.00222181026173,0.00634318531969546
27,prog-PB,0,null,G2,0.045,0,1000,-0.00102528469967441,0.0887457496033054,0.0900945758503251,1.0151987701163,0.00655553201502365
28,meas-error,0.3,alt,S,0.4,0,500,-0.151628375130594,0.0891497649514708,0.0841678357322661,0.944117303933255,0.0219089023002066
28,meas-error,0.3,alt,G1,0.314,0,500,-0.151469559160013,0.101159628860843,0.0976973049293958,0.965773659211321,0.0207559148196364
28,meas-error,0.3,alt,G2,0.296,0,500,-0.151469559160013,0.101159628860843,0.103753828073312,1.02564460982787,0.0204148965219028
29,N35,0.3,alt,S,0.238,0,500,-0.162473312895482,0.107817300788207,0.111597694016704,1.0350629555819,0.0190449993436597
29,N35,0.3,alt,G1,0.212,0,500,-0.163656590034916,0.117066934368025,0.122476451026222,1.0462087496132,0.0182787308093314
29,N35,0.3,alt,G2,0.218,0,500,-0.163656590034916,0.117066934368025,0.129485906349254,1.10608437000826,0.0184648855940133
30,N150,0.3,alt,S,0.82,0,500,-0.155434080663479,0.0537207799912476,0.0536210403628946,0.998143369691034,0.0171813852759316
30,N150,0.3,alt,G1,0.746,0,500,-0.155693132621575,0.0574233161954546,0.0592708322355205,1.03217362149162,0.0194671004517879
30,N150,0.3,alt,G2,0.742,0,500,-0.155693132621575,0.0574233161954546,0.0613150805092321,1.0677732421536,0.0195671152702691
31,thalf0,0.3,alt,S,0.538,0,500,-0.174807539034722,0.079678267687371,0.0783358079197946,0.983151494045481,0.0222960086114085
31,thalf0,0.3,alt,G1,0.484,0,500,-0.176300137679858,0.0922400081839443,0.0867558142241901,0.940544303196313,0.0223492281745925
31,thalf0,0.3,alt,G2,0.52,0,500,-0.176300137679858,0.0922400081839443,0.0907523216314113,0.983871569595199,0.0223427840700303
32,thalf1,0.3,alt,S,0.384,0,500,-0.141319002247739,0.0753552764188964,0.07824809813634,1.03838910630972,0.021750586198997
32,thalf1,0.3,alt,G1,0.31,0,500,-0.138122458756101,0.0849451180386457,0.0865519486103648,1.01891610264157,0.0206833266183175
32,thalf1,0.3,alt,G2,0.32,0,500,-0.138122458756101,0.0849451180386457,0.089771438822429,1.05681692950956,0.0208614476966485
33,weibull0.5,0.3,alt,S,0.384,0,500,-0.139739903037752,0.0764604563508656,0.0801339690632928,1.04804460877882,0.021750586198997
33,weibull0.5,0.3,alt,G1,0.304609218436874,1,500,-0.139469304817615,0.0840376633919587,0.0887644788015863,1.05624639261543,0.0206032490812909
33,weibull0.5,0.3,alt,G2,0.342685370741483,1,500,-0.139469304817615,0.0840376633919587,0.0902404843432417,1.07381001209365,0.0212463415415528
34,weibull2,0.3,alt,S,0.536,0,500,-0.173627614258401,0.0783860835666511,0.0784826663908417,1.00123214249004,0.0223026455829796
34,weibull2,0.3,alt,G1,0.49,0,500,-0.175046051640906,0.0909086239908487,0.0865897304198301,0.952491926712548,0.0223562071917398
34,weibull2,0.3,alt,G2,0.476,0,500,-0.175046051640906,0.0909086239908487,0.0911595209016077,1.00275988019337,0.0223349054173059
35,dropout-MCAR,0.3,alt,S,0.466,0,500,-0.161670309643265,0.0791611638131294,0.0817703810143134,1.03296082416554,0.0223089219820232
35,dropout-MCAR,0.3,alt,G1,0.390781563126253,1,500,-0.160743884813005,0.0903560429545322,0.0917936735560686,1.01591072998028,0.0218425470083811
35,dropout-MCAR,0.3,alt,G2,0.404809619238477,1,500,-0.160743884813005,0.0903560429545322,0.0950429515238274,1.05187155630148,0.0219736949409896
36,dropout-MAR,0.3,alt,S,0.436,0,500,-0.153686702233415,0.0844267721455988,0.0817154906361905,0.96788599823842,0.0221767445762447
36,dropout-MAR,0.3,alt,G1,0.37,0,500,-0.157718513157987,0.0939881606908445,0.0922437449610541,0.98144004822556,0.0215916650585359
36,dropout-MAR,0.3,alt,G2,0.37,0,500,-0.157718513157987,0.0939881606908445,0.0959364096744711,1.02072866379453,0.0215916650585359
37,prog-TV-const,0.3,alt,S,0.76,0,500,-0.212538767069776,0.076172976121246,0.0766960738634807,1.00686723519115,0.0190997382181013
37,prog-TV-const,0.3,alt,G1,0.54,0,500,-0.188246294807366,0.088132405535437,0.0862821088668039,0.979005490007996,0.0222890107452081
37,prog-TV-const,0.3,alt,G2,0.548,0,500,-0.188246294807366,0.088132405535437,0.0898573631493017,1.01957234235676,0.0222574032627349
38,prog-TV-grow,0.3,alt,S,0.514,0,500,-0.16301129026978,0.074616526408359,0.0787128706571521,1.05489861892491,0.0223519126698366
38,prog-TV-grow,0.3,alt,G1,0.454,0,500,-0.169276556311992,0.0846487735700801,0.0876378125257688,1.03531107220607,0.0222658482883541
38,prog-TV-grow,0.3,alt,G2,0.474,0,500,-0.169276556311992,0.0846487735700801,0.0904414321957161,1.06843168992685,0.022330427671677
39,prog-PB,0.3,alt,S,0.778,0,500,-0.216127667759334,0.0759448720961045,0.0758922586454061,0.99930721523065,0.0185858010319706
39,prog-PB,0.3,alt,G1,0.398,0,500,-0.156802860593222,0.0844379584027988,0.0866703396563082,1.02643812446128,0.0218904545407353
39,prog-PB,0.3,alt,G2,0.422,0,500,-0.156802860593222,0.0844379584027988,0.089530986235289,1.06031680453706,0.0220869192057199
40,prog-BL,0,null,S,0.05,0,1000,-0.00125966355653952,0.0844921574002155,0.0812515833962403,0.961646452124243,0.00689202437604511
40,prog-BL,0,null,G1,0.042,0,1000,0.000102978683451208,0.0916518741047115,0.0895549399370012,0.977120662417501,0.00634318531969546
40,prog-BL,0,null,G2,0.046,0,1000,0.000102978683451208,0.0916518741047115,0.0906612285992926,0.989191213872101,0.00662449998113065
41,prog-BL,0.3,alt,S,0.444,0,500,-0.14643171263809,0.0795636739657812,0.0783790253200843,0.98511068447887,0.0222199909990981
41,prog-BL,0.3,alt,G1,0.364,0,500,-0.148312163652698,0.0875162039154134,0.0872068352813665,0.996465013103792,0.021517620686312
41,prog-BL,0.3,alt,G2,0.396,0,500,-0.148312163652698,0.0875162039154134,0.0900504735662723,1.02895771911346,0.0218716254539986
